,name,condition,angle,bean1GridX,bean1GridY,bean2GridX,bean2GridY,playerGridX,playerGridY,reactionTime,trajectory,aimAction,goal,beanEaten
0,softmaxBeta2.5_17,None,14.74356283647072,1,8,0,14,7,2,"[0, 0, 0, 0, 1, 1, 1, 1, 1, 1, 2, 2]","[(7, 2), [6, 2], [6, 3], [6, 4], [5, 4], [4, 4], [3, 4], [2, 4], [1, 4], [1, 5], [1, 6], [1, 7], [1, 8]]","[(-1, 0), (0, 1), (0, 1), (-1, 0), (-1, 0), (-1, 0), (-1, 0), (-1, 0), (0, 1), (0, 1), (0, 1), (0, 1)]","[0, 0, 0, 0, 0, 0, 0, 0, 0, 0, 0, 0]",1
1,softmaxBeta2.5_17,-3,54.46232220802562,0,14,3,10,1,8,"[0, 0, 0, 0]","[(1, 8), [1, 9], [2, 9], [3, 9], [3, 10]]","[(0, 1), (1, 0), (1, 0), (0, 1)]","[0, 2, 2, 0]",2
2,softmaxBeta2.5_17,1,81.86989764584403,0,14,7,14,3,10,"[0, 0, 1, 1, 1, 1, 1]","[(3, 10), [3, 11], [3, 12], [3, 13], [3, 14], [2, 14], [1, 14], [0, 14]]","[(0, 1), (0, 1), (0, 1), (0, 1), (-1, 0), (-1, 0), (-1, 0)]","[0, 0, 0, 0, 1, 1, 1]",1
3,softmaxBeta2.5_17,-5,45.0,7,14,1,13,0,14,"[0, 1]","[(0, 14), [1, 14], [1, 13]]","[(1, 0), (0, -1)]","[0, 2]",2
4,softmaxBeta2.5_17,5,54.46232220802562,7,14,7,7,1,13,"[0, 0, 0, 0, 0, 1, 1]","[(1, 13), [2, 13], [3, 13], [4, 13], [4, 14], [5, 14], [6, 14], [7, 14]]","[(1, 0), (1, 0), (1, 0), (0, 1), (1, 0), (1, 0), (1, 0)]","[0, 0, 0, 1, 0, 0, 0]",1
5,softmaxBeta2.5_17,0,53.13010235415599,7,7,3,11,7,14,"[0, 0, 0, 0, 0, 1, 1]","[(7, 14), [6, 14], [6, 13], [6, 12], [6, 11], [5, 11], [4, 11], [3, 11]]","[(-1, 0), (0, -1), (0, -1), (0, -1), (-1, 0), (-1, 0), (-1, 0)]","[2, 0, 0, 0, 2, 2, 2]",2
6,softmaxBeta2.5_17,-1,81.86989764584403,7,7,7,14,3,11,"[0, 1, 1, 1, 1, 1, 2]","[(3, 11), [4, 11], [4, 12], [4, 13], [5, 13], [6, 13], [6, 14], [7, 14]]","[(1, 0), (0, 1), (0, 1), (1, 0), (1, 0), (0, 1), (1, 0)]","[0, 2, 2, 0, 0, 2, 0]",2
7,softmaxBeta2.5_17,1,45.0,7,7,3,10,7,14,"[0, 0, 0, 1, 1, 1, 1]","[(7, 14), [7, 13], [7, 12], [7, 11], [7, 10], [7, 9], [7, 8], [7, 7]]","[(0, -1), (0, -1), (0, -1), (0, -1), (0, -1), (0, -1), (0, -1)]","[0, 0, 0, 0, 1, 1, 1]",1
8,softmaxBeta2.5_17,-5,98.13010235415598,3,10,8,8,7,7,"[0, 1]","[(7, 7), [8, 7], [8, 8]]","[(1, 0), (0, 1)]","[2, 0]",2
9,softmaxBeta2.5_17,-5,113.19859051364818,3,10,9,9,8,8,"[1, 1]","[(8, 8), [9, 8], [9, 9]]","[(1, 0), (0, 1)]","[2, 0]",2
10,softmaxBeta2.5_17,-3,62.10272896905237,3,10,8,12,9,9,"[0, 1, 1, 1]","[(9, 9), [8, 9], [8, 10], [8, 11], [8, 12]]","[(-1, 0), (0, 1), (0, 1), (0, 1)]","[0, 0, 2, 2]",2
11,softmaxBeta2.5_17,-1,56.88865803962797,3,10,7,7,8,12,"[0, 0, 0, 0, 1, 1]","[(8, 12), [8, 11], [7, 11], [7, 10], [7, 9], [7, 8], [7, 7]]","[(0, -1), (-1, 0), (0, -1), (0, -1), (0, -1), (0, -1)]","[0, 0, 0, 2, 2, 2]",2
12,softmaxBeta2.5_17,-5,98.13010235415598,3,10,8,8,7,7,"[0, 0]","[(7, 7), [7, 8], [8, 8]]","[(0, 1), (1, 0)]","[0, 2]",2
13,softmaxBeta2.5_17,-5,113.19859051364818,3,10,9,9,8,8,"[0, 0]","[(8, 8), [8, 9], [9, 9]]","[(0, 1), (1, 0)]","[0, 2]",2
14,softmaxBeta2.5_17,3,54.46232220802562,3,10,4,4,9,9,"[0, 0, 0, 0, 1, 1, 1]","[(9, 9), [9, 10], [8, 10], [7, 10], [6, 10], [5, 10], [4, 10], [3, 10]]","[(0, 1), (-1, 0), (-1, 0), (-1, 0), (-1, 0), (-1, 0), (-1, 0)]","[1, 0, 0, 0, 0, 0, 1]",1
15,softmaxBeta2.5_17,1,49.573921259900864,4,4,8,7,3,10,"[0, 0, 0, 0, 0, 1, 1]","[(3, 10), [4, 10], [4, 9], [4, 8], [4, 7], [4, 6], [4, 5], [4, 4]]","[(1, 0), (0, -1), (0, -1), (0, -1), (0, -1), (0, -1), (0, -1)]","[0, 0, 0, 0, 1, 1, 1]",1
16,softmaxBeta2.5_17,-3,98.13010235415598,8,7,2,6,4,4,"[0, 0, 0, 1]","[(4, 4), [3, 4], [2, 4], [2, 5], [2, 6]]","[(-1, 0), (-1, 0), (0, 1), (0, 1)]","[2, 2, 0, 0]",2
17,softmaxBeta2.5_17,0,62.59242456218159,8,7,5,2,2,6,"[1, 1, 1, 1, 1, 1, 2]","[(2, 6), [2, 7], [3, 7], [4, 7], [5, 7], [6, 7], [7, 7], [8, 7]]","[(0, 1), (1, 0), (1, 0), (1, 0), (1, 0), (1, 0), (1, 0)]","[1, 0, 0, 0, 1, 1, 1]",1
18,softmaxBeta2.5_17,0,75.96375653207353,5,2,12,3,8,7,"[0, 0, 1, 1, 1, 1, 1, 1]","[(8, 7), [8, 6], [8, 5], [7, 5], [7, 4], [7, 3], [7, 2], [6, 2], [5, 2]]","[(0, -1), (0, -1), (-1, 0), (0, -1), (0, -1), (0, -1), (-1, 0), (-1, 0)]","[0, 0, 1, 0, 0, 1, 1, 1]",1
19,softmaxBeta2.5_17,3,42.06432655357884,12,3,10,8,5,2,"[0, 0, 1, 1, 1, 1, 1, 2]","[(5, 2), [6, 2], [6, 3], [7, 3], [8, 3], [9, 3], [10, 3], [11, 3], [12, 3]]","[(1, 0), (0, 1), (1, 0), (1, 0), (1, 0), (1, 0), (1, 0), (1, 0)]","[0, 0, 0, 0, 0, 0, 1, 1]",1
20,softmaxBeta2.5_17,3,45.0,10,8,5,6,12,3,"[0, 0, 1, 1, 1, 1, 1]","[(12, 3), [12, 4], [12, 5], [12, 6], [11, 6], [11, 7], [11, 8], [10, 8]]","[(0, 1), (0, 1), (0, 1), (-1, 0), (0, 1), (0, 1), (-1, 0)]","[0, 0, 0, 0, 1, 1, 0]",1
21,softmaxBeta2.5_17,-1,66.80140948635182,5,6,7,11,10,8,"[0, 0, 1, 1, 1, 1]","[(10, 8), [10, 9], [10, 10], [10, 11], [9, 11], [8, 11], [7, 11]]","[(0, 1), (0, 1), (0, 1), (-1, 0), (-1, 0), (-1, 0)]","[2, 2, 2, 0, 0, 0]",2
22,softmaxBeta2.5_17,-3,113.19859051364818,5,6,5,13,7,11,"[0, 1, 1, 1]","[(7, 11), [7, 12], [7, 13], [6, 13], [5, 13]]","[(0, 1), (0, 1), (-1, 0), (-1, 0)]","[2, 2, 0, 0]",2
23,softmaxBeta2.5_17,1,45.0,5,6,1,9,5,13,"[1, 1, 1, 1, 1, 1, 2]","[(5, 13), [5, 12], [5, 11], [5, 10], [5, 9], [5, 8], [5, 7], [5, 6]]","[(0, -1), (0, -1), (0, -1), (0, -1), (0, -1), (0, -1), (0, -1)]","[0, 0, 0, 0, 1, 1, 1]",1
24,softmaxBeta2.5_17,3,39.0938588862295,1,9,3,14,5,6,"[0, 0, 1, 1, 1, 1, 1]","[(5, 6), [5, 7], [4, 7], [3, 7], [3, 8], [2, 8], [2, 9], [1, 9]]","[(0, 1), (-1, 0), (-1, 0), (0, 1), (-1, 0), (0, 1), (-1, 0)]","[0, 0, 0, 0, 1, 0, 1]",1
25,softmaxBeta2.5_17,5,41.63353933657021,3,14,9,13,1,9,"[0, 1, 1, 1, 1, 1, 2]","[(1, 9), [1, 10], [2, 10], [2, 11], [2, 12], [2, 13], [3, 13], [3, 14]]","[(0, 1), (1, 0), (0, 1), (0, 1), (0, 1), (1, 0), (0, 1)]","[0, 0, 0, 0, 0, 0, 1]",1
26,softmaxBeta2.5_17,0,58.736268305622566,9,13,5,9,3,14,"[0, 0, 0, 1, 1, 1, 1]","[(3, 14), [3, 13], [4, 13], [4, 12], [4, 11], [5, 11], [5, 10], [5, 9]]","[(0, -1), (1, 0), (0, -1), (0, -1), (1, 0), (0, -1), (0, -1)]","[0, 0, 2, 2, 0, 2, 2]",2
27,softmaxBeta2.5_17,-1,81.86989764584403,9,13,2,13,5,9,"[0, 0, 0, 0, 1, 1, 1]","[(5, 9), [4, 9], [3, 9], [3, 10], [3, 11], [3, 12], [2, 12], [2, 13]]","[(-1, 0), (-1, 0), (0, 1), (0, 1), (0, 1), (-1, 0), (0, 1)]","[2, 2, 0, 0, 0, 2, 0]",2
28,softmaxBeta2.5_17,1,45.0,9,13,6,9,2,13,"[0, 1, 1, 1, 1, 1, 1]","[(2, 13), [3, 13], [4, 13], [5, 13], [6, 13], [7, 13], [8, 13], [9, 13]]","[(1, 0), (1, 0), (1, 0), (1, 0), (1, 0), (1, 0), (1, 0)]","[0, 0, 0, 0, 1, 1, 1]",1
29,softmaxBeta2.5_17,5,34.69515353123398,6,9,0,10,9,13,"[0, 1, 1, 1, 1, 1, 2]","[(9, 13), [9, 12], [9, 11], [8, 11], [7, 11], [6, 11], [6, 10], [6, 9]]","[(0, -1), (0, -1), (-1, 0), (-1, 0), (-1, 0), (0, -1), (0, -1)]","[0, 0, 0, 0, 0, 0, 1]",1
30,softmaxBeta2.5_17,5,54.46232220802562,0,10,0,3,6,9,"[1, 1, 1, 1, 1, 1, 2]","[(6, 9), [6, 10], [5, 10], [4, 10], [3, 10], [2, 10], [1, 10], [0, 10]]","[(0, 1), (-1, 0), (-1, 0), (-1, 0), (-1, 0), (-1, 0), (-1, 0)]","[1, 0, 0, 0, 0, 0, 0]",1
31,softmaxBeta2.5_17,-3,45.0,0,3,2,8,0,10,"[1, 1, 1, 1]","[(0, 10), [1, 10], [2, 10], [2, 9], [2, 8]]","[(1, 0), (1, 0), (0, -1), (0, -1)]","[2, 2, 0, 0]",2
32,softmaxBeta2.5_17,-1,66.80140948635182,0,3,5,5,2,8,"[0, 1, 1, 1, 1, 1]","[(2, 8), [3, 8], [4, 8], [5, 8], [5, 7], [5, 6], [5, 5]]","[(1, 0), (1, 0), (1, 0), (0, -1), (0, -1), (0, -1)]","[2, 2, 2, 0, 0, 0]",2
33,softmaxBeta2.5_17,-5,113.19859051364818,0,3,6,4,5,5,"[0, 1]","[(5, 5), [6, 5], [6, 4]]","[(1, 0), (0, -1)]","[2, 0]",2
34,softmaxBeta2.5_17,5,54.46232220802562,0,3,0,10,6,4,"[0, 0, 0, 1, 1, 1, 1]","[(6, 4), [6, 3], [5, 3], [4, 3], [3, 3], [2, 3], [1, 3], [0, 3]]","[(0, -1), (-1, 0), (-1, 0), (-1, 0), (-1, 0), (-1, 0), (-1, 0)]","[1, 0, 0, 0, 0, 0, 0]",1
35,softmaxBeta2.5_17,5,45.0,0,10,6,9,0,3,"[0, 0, 0, 0, 0, 1, 1]","[(0, 3), [0, 4], [0, 5], [0, 6], [0, 7], [0, 8], [0, 9], [0, 10]]","[(0, 1), (0, 1), (0, 1), (0, 1), (0, 1), (0, 1), (0, 1)]","[0, 0, 0, 0, 0, 0, 1]",1
36,softmaxBeta2.5_17,1,54.46232220802562,6,9,4,14,0,10,"[0, 0, 0, 0, 1, 1, 1]","[(0, 10), [0, 9], [1, 9], [2, 9], [3, 9], [4, 9], [5, 9], [6, 9]]","[(0, -1), (1, 0), (1, 0), (1, 0), (1, 0), (1, 0), (1, 0)]","[1, 0, 0, 0, 0, 1, 1]",1
37,softmaxBeta2.5_17,-3,113.19859051364818,4,14,4,7,6,9,"[0, 0, 0, 1]","[(6, 9), [5, 9], [4, 9], [4, 8], [4, 7]]","[(-1, 0), (-1, 0), (0, -1), (0, -1)]","[0, 0, 2, 2]",2
38,softmaxBeta2.5_17,0,53.13010235415599,4,14,8,10,4,7,"[0, 0, 0, 1, 1, 1, 1]","[(4, 7), [4, 8], [4, 9], [4, 10], [5, 10], [6, 10], [7, 10], [8, 10]]","[(0, 1), (0, 1), (0, 1), (1, 0), (1, 0), (1, 0), (1, 0)]","[0, 0, 0, 2, 2, 2, 2]",2
39,softmaxBeta2.5_17,0,90.0,4,14,12,14,8,10,"[0, 0, 0, 1, 1, 1, 1, 1]","[(8, 10), [9, 10], [9, 11], [9, 12], [10, 12], [10, 13], [10, 14], [11, 14], [12, 14]]","[(1, 0), (0, 1), (0, 1), (1, 0), (0, 1), (0, 1), (1, 0), (1, 0)]","[2, 0, 0, 2, 0, 0, 2, 2]",2
40,softmaxBeta2.5_17,3,39.80557109226519,4,14,6,9,12,14,"[0, 0, 0, 1, 1, 1, 1, 1]","[(12, 14), [11, 14], [10, 14], [9, 14], [8, 14], [7, 14], [6, 14], [5, 14], [4, 14]]","[(-1, 0), (-1, 0), (-1, 0), (-1, 0), (-1, 0), (-1, 0), (-1, 0), (-1, 0)]","[0, 0, 0, 0, 0, 0, 1, 1]",1
41,softmaxBeta2.5_17,3,55.49147701233159,6,9,0,8,4,14,"[0, 0, 0, 0, 1, 1, 1]","[(4, 14), [4, 13], [4, 12], [5, 12], [5, 11], [6, 11], [6, 10], [6, 9]]","[(0, -1), (0, -1), (1, 0), (0, -1), (1, 0), (0, -1), (0, -1)]","[0, 0, 1, 0, 1, 0, 0]",1
42,softmaxBeta2.5_17,-1,54.46232220802562,0,8,3,12,6,9,"[0, 1, 1, 1, 1, 1]","[(6, 9), [6, 10], [5, 10], [5, 11], [5, 12], [4, 12], [3, 12]]","[(0, 1), (-1, 0), (0, 1), (0, 1), (-1, 0), (-1, 0)]","[2, 0, 2, 2, 0, 0]",2
43,softmaxBeta2.5_17,-3,98.13010235415598,0,8,1,14,3,12,"[0, 0, 0, 0]","[(3, 12), [2, 12], [2, 13], [2, 14], [1, 14]]","[(-1, 0), (0, 1), (0, 1), (-1, 0)]","[0, 2, 2, 0]",2
44,softmaxBeta2.5_17,1,54.46232220802562,0,8,5,10,1,14,"[0, 0, 0, 1, 1, 1, 1]","[(1, 14), [0, 14], [0, 13], [0, 12], [0, 11], [0, 10], [0, 9], [0, 8]]","[(-1, 0), (0, -1), (0, -1), (0, -1), (0, -1), (0, -1), (0, -1)]","[1, 0, 0, 0, 0, 1, 1]",1
45,softmaxBeta2.5_17,-5,66.80140948635182,5,10,1,7,0,8,"[0, 1]","[(0, 8), [0, 7], [1, 7]]","[(0, -1), (1, 0)]","[2, 0]",2
46,softmaxBeta2.5_17,5,25.559965171823816,5,10,11,9,1,7,"[0, 0, 1, 1, 1, 1, 1]","[(1, 7), [1, 8], [1, 9], [1, 10], [2, 10], [3, 10], [4, 10], [5, 10]]","[(0, 1), (0, 1), (0, 1), (1, 0), (1, 0), (1, 0), (1, 0)]","[0, 0, 1, 0, 0, 0, 0]",1
47,softmaxBeta2.5_17,0,62.59242456218159,11,9,8,14,5,10,"[0, 1, 1, 1, 1, 1, 2]","[(5, 10), [5, 11], [6, 11], [7, 11], [8, 11], [8, 12], [8, 13], [8, 14]]","[(0, 1), (1, 0), (1, 0), (1, 0), (0, 1), (0, 1), (0, 1)]","[2, 0, 0, 0, 2, 2, 2]",2
48,softmaxBeta2.5_17,-1,67.83365417791754,11,9,5,10,8,14,"[0, 0, 1, 1, 1, 1, 1]","[(8, 14), [7, 14], [7, 13], [6, 13], [6, 12], [5, 12], [5, 11], [5, 10]]","[(-1, 0), (0, -1), (-1, 0), (0, -1), (-1, 0), (0, -1), (0, -1)]","[2, 0, 2, 0, 2, 0, 0]",2
49,softmaxBeta2.5_17,1,54.46232220802562,11,9,9,14,5,10,"[0, 0, 0, 0, 1, 1, 1]","[(5, 10), [6, 10], [7, 10], [8, 10], [8, 9], [9, 9], [10, 9], [11, 9]]","[(1, 0), (1, 0), (1, 0), (0, -1), (1, 0), (1, 0), (1, 0)]","[0, 0, 0, 1, 0, 1, 1]",1
50,softmaxBeta2.5_17,-5,113.19859051364818,9,14,10,8,11,9,"[0, 0]","[(11, 9), [10, 9], [10, 8]]","[(-1, 0), (0, -1)]","[0, 2]",2
51,softmaxBeta2.5_17,5,45.0,9,14,3,13,10,8,"[0, 1, 1, 1, 1, 1, 1]","[(10, 8), [9, 8], [9, 9], [9, 10], [9, 11], [9, 12], [9, 13], [9, 14]]","[(-1, 0), (0, 1), (0, 1), (0, 1), (0, 1), (0, 1), (0, 1)]","[0, 0, 0, 0, 0, 0, 1]",1
52,softmaxBeta2.5_17,-3,62.10272896905237,3,13,8,11,9,14,"[0, 0, 0, 0]","[(9, 14), [8, 14], [8, 13], [8, 12], [8, 11]]","[(-1, 0), (0, -1), (0, -1), (0, -1)]","[0, 0, 2, 2]",2
53,softmaxBeta2.5_17,-1,66.80140948635182,3,13,5,8,8,11,"[0, 0, 0, 0, 0, 1]","[(8, 11), [7, 11], [7, 10], [6, 10], [5, 10], [5, 9], [5, 8]]","[(-1, 0), (0, -1), (-1, 0), (-1, 0), (0, -1), (0, -1)]","[0, 2, 0, 0, 2, 2]",2
54,softmaxBeta2.5_17,-5,113.19859051364818,3,13,4,7,5,8,"[0, 1]","[(5, 8), [4, 8], [4, 7]]","[(-1, 0), (0, -1)]","[0, 2]",2
55,softmaxBeta2.5_17,5,54.46232220802562,3,13,10,13,4,7,"[0, 0, 0, 0, 0, 1, 1]","[(4, 7), [3, 7], [3, 8], [3, 9], [3, 10], [3, 11], [3, 12], [3, 13]]","[(-1, 0), (0, 1), (0, 1), (0, 1), (0, 1), (0, 1), (0, 1)]","[1, 0, 0, 0, 0, 0, 0]",1
56,softmaxBeta2.5_17,3,45.00000000000001,10,13,8,8,3,13,"[0, 0, 0, 0, 0, 1, 1]","[(3, 13), [4, 13], [5, 13], [6, 13], [7, 13], [8, 13], [9, 13], [10, 13]]","[(1, 0), (1, 0), (1, 0), (1, 0), (1, 0), (1, 0), (1, 0)]","[0, 0, 0, 0, 0, 1, 1]",1
57,softmaxBeta2.5_17,1,66.80140948635182,8,8,14,9,10,13,"[1, 1, 1, 1, 1, 1, 2]","[(10, 13), [10, 12], [9, 12], [8, 12], [8, 11], [8, 10], [8, 9], [8, 8]]","[(0, -1), (-1, 0), (-1, 0), (0, -1), (0, -1), (0, -1), (0, -1)]","[0, 1, 1, 0, 0, 0, 1]",1
58,softmaxBeta2.5_17,-3,62.10272896905237,14,9,9,11,8,8,"[1, 1, 1, 1]","[(8, 8), [8, 9], [9, 9], [9, 10], [9, 11]]","[(0, 1), (1, 0), (0, 1), (0, 1)]","[0, 0, 2, 2]",2
59,softmaxBeta2.5_17,0,58.736268305622566,14,9,10,5,9,11,"[0, 0, 0, 0, 0, 1, 1]","[(9, 11), [9, 10], [10, 10], [11, 10], [11, 9], [12, 9], [13, 9], [14, 9]]","[(0, -1), (1, 0), (1, 0), (0, -1), (1, 0), (1, 0), (1, 0)]","[0, 0, 1, 0, 1, 1, 1]",1
60,softmaxBeta2.5_17,0,90.0,10,5,10,13,14,9,"[0, 1, 1, 1, 1, 1, 2, 2]","[(14, 9), [14, 10], [13, 10], [12, 10], [12, 11], [11, 11], [10, 11], [10, 12], [10, 13]]","[(0, 1), (-1, 0), (-1, 0), (0, 1), (-1, 0), (-1, 0), (0, 1), (0, 1)]","[2, 0, 0, 2, 0, 0, 2, 2]",2
61,softmaxBeta2.5_17,3,39.80557109226519,10,5,5,7,10,13,"[1, 1, 1, 1, 1, 1, 2, 2]","[(10, 13), [10, 12], [10, 11], [10, 10], [10, 9], [10, 8], [10, 7], [10, 6], [10, 5]]","[(0, -1), (0, -1), (0, -1), (0, -1), (0, -1), (0, -1), (0, -1), (0, -1)]","[0, 0, 0, 0, 0, 0, 1, 1]",1
62,softmaxBeta2.5_17,3,66.80140948635182,5,7,5,0,10,5,"[0, 1, 1, 1, 1, 1, 1]","[(10, 5), [9, 5], [8, 5], [8, 6], [8, 7], [7, 7], [6, 7], [5, 7]]","[(-1, 0), (-1, 0), (0, 1), (0, 1), (-1, 0), (-1, 0), (-1, 0)]","[0, 0, 1, 1, 0, 0, 0]",1
63,softmaxBeta2.5_17,-1,45.0,5,0,8,4,5,7,"[0, 0, 0, 0, 0, 1]","[(5, 7), [5, 6], [5, 5], [5, 4], [6, 4], [7, 4], [8, 4]]","[(0, -1), (0, -1), (0, -1), (1, 0), (1, 0), (1, 0)]","[0, 0, 0, 2, 2, 2]",2
64,softmaxBeta2.5_17,-3,98.13010235415598,5,0,6,6,8,4,"[0, 1, 1, 1]","[(8, 4), [8, 5], [8, 6], [7, 6], [6, 6]]","[(0, 1), (0, 1), (-1, 0), (-1, 0)]","[2, 2, 0, 0]",2
65,softmaxBeta2.5_17,1,54.46232220802562,5,0,10,2,6,6,"[0, 0, 1, 1, 1, 1, 1]","[(6, 6), [6, 5], [5, 5], [5, 4], [5, 3], [5, 2], [5, 1], [5, 0]]","[(0, -1), (-1, 0), (0, -1), (0, -1), (0, -1), (0, -1), (0, -1)]","[0, 1, 0, 0, 0, 1, 1]",1
66,softmaxBeta2.5_17,-5,113.19859051364818,10,2,4,1,5,0,"[0, 0]","[(5, 0), [4, 0], [4, 1]]","[(-1, 0), (0, 1)]","[2, 0]",2
67,softmaxBeta2.5_17,5,45.0,10,2,9,8,4,1,"[1, 1, 1, 1, 1, 1, 2]","[(4, 1), [5, 1], [6, 1], [6, 2], [7, 2], [8, 2], [9, 2], [10, 2]]","[(1, 0), (1, 0), (0, 1), (1, 0), (1, 0), (1, 0), (1, 0)]","[0, 0, 0, 0, 0, 0, 1]",1
68,softmaxBeta2.5_17,0,62.59242456218159,9,8,14,5,10,2,"[0, 0, 1, 1, 1, 1, 1]","[(10, 2), [9, 2], [9, 3], [9, 4], [9, 5], [9, 6], [9, 7], [9, 8]]","[(-1, 0), (0, 1), (0, 1), (0, 1), (0, 1), (0, 1), (0, 1)]","[1, 0, 0, 0, 1, 1, 1]",1
69,softmaxBeta2.5_17,-1,67.83365417791754,14,5,13,11,9,8,"[0, 0, 1, 1, 1, 1, 1]","[(9, 8), [10, 8], [11, 8], [12, 8], [13, 8], [13, 9], [13, 10], [13, 11]]","[(1, 0), (1, 0), (1, 0), (1, 0), (0, 1), (0, 1), (0, 1)]","[0, 0, 0, 0, 2, 2, 2]",2
70,softmaxBeta2.5_17,1,54.46232220802562,14,5,9,7,13,11,"[0, 1, 1, 1, 1, 1, 1]","[(13, 11), [13, 10], [14, 10], [14, 9], [14, 8], [14, 7], [14, 6], [14, 5]]","[(0, -1), (1, 0), (0, -1), (0, -1), (0, -1), (0, -1), (0, -1)]","[0, 1, 0, 0, 0, 1, 1]",1
71,softmaxBeta2.5_17,-5,66.80140948635182,9,7,13,4,14,5,"[0, 0]","[(14, 5), [13, 5], [13, 4]]","[(-1, 0), (0, -1)]","[0, 2]",2
72,softmaxBeta2.5_17,5,34.69515353123398,9,7,10,13,13,4,"[0, 0, 0, 0, 0, 1, 1]","[(13, 4), [13, 5], [12, 5], [11, 5], [10, 5], [9, 5], [9, 6], [9, 7]]","[(0, 1), (-1, 0), (-1, 0), (-1, 0), (-1, 0), (0, 1), (0, 1)]","[0, 0, 0, 0, 1, 0, 0]",1
73,softmaxBeta2.5_17,-3,62.10272896905237,10,13,12,8,9,7,"[0, 0, 0, 0]","[(9, 7), [10, 7], [11, 7], [12, 7], [12, 8]]","[(1, 0), (1, 0), (1, 0), (0, 1)]","[0, 2, 2, 0]",2
74,softmaxBeta2.5_17,-1,56.88865803962797,10,13,7,9,12,8,"[0, 1, 1, 1, 1, 1]","[(12, 8), [12, 9], [11, 9], [10, 9], [9, 9], [8, 9], [7, 9]]","[(0, 1), (-1, 0), (-1, 0), (-1, 0), (-1, 0), (-1, 0)]","[0, 0, 0, 2, 2, 2]",2
75,softmaxBeta2.5_17,-5,98.13010235415598,10,13,8,8,7,9,"[0, 0]","[(7, 9), [8, 9], [8, 8]]","[(1, 0), (0, -1)]","[0, 2]",2
76,softmaxBeta2.5_17,-3,113.19859051364818,10,13,10,6,8,8,"[0, 1, 1, 1]","[(8, 8), [9, 8], [10, 8], [10, 7], [10, 6]]","[(1, 0), (1, 0), (0, -1), (0, -1)]","[0, 0, 2, 2]",2
77,softmaxBeta2.5_17,3,45.00000000000001,10,13,5,11,10,6,"[0, 0, 0, 0, 0, 1, 1]","[(10, 6), [10, 7], [10, 8], [10, 9], [10, 10], [10, 11], [10, 12], [10, 13]]","[(0, 1), (0, 1), (0, 1), (0, 1), (0, 1), (0, 1), (0, 1)]","[0, 0, 0, 0, 0, 1, 1]",1
78,softmaxBeta2.5_17,1,49.76364169072618,5,11,8,7,10,13,"[0, 0, 0, 0, 1, 1, 1]","[(10, 13), [10, 12], [10, 11], [9, 11], [8, 11], [7, 11], [6, 11], [5, 11]]","[(0, -1), (0, -1), (-1, 0), (-1, 0), (-1, 0), (-1, 0), (-1, 0)]","[0, 0, 0, 0, 1, 1, 1]",1
79,softmaxBeta2.5_17,5,34.69515353123398,8,7,14,8,5,11,"[0, 0, 0, 0, 0, 1, 1]","[(5, 11), [6, 11], [6, 10], [6, 9], [7, 9], [8, 9], [8, 8], [8, 7]]","[(1, 0), (0, -1), (0, -1), (1, 0), (1, 0), (0, -1), (0, -1)]","[0, 0, 0, 0, 0, 0, 1]",1
80,softmaxBeta2.5_17,0,62.59242456218159,14,8,11,3,8,7,"[0, 1, 1, 1, 1, 1, 2]","[(8, 7), [8, 8], [9, 8], [10, 8], [11, 8], [12, 8], [13, 8], [14, 8]]","[(0, 1), (1, 0), (1, 0), (1, 0), (1, 0), (1, 0), (1, 0)]","[1, 0, 0, 0, 1, 1, 1]",1
81,softmaxBeta2.5_17,0,50.9061411137705,11,3,7,7,14,8,"[0, 0, 0, 0, 0, 1, 1, 1]","[(14, 8), [13, 8], [12, 8], [11, 8], [11, 7], [10, 7], [9, 7], [8, 7], [7, 7]]","[(-1, 0), (-1, 0), (-1, 0), (0, -1), (-1, 0), (-1, 0), (-1, 0), (-1, 0)]","[0, 0, 0, 0, 2, 2, 2, 2]",2
82,softmaxBeta2.5_17,-3,78.69006752597979,11,3,10,9,7,7,"[0, 0, 0, 0, 1]","[(7, 7), [7, 8], [7, 9], [8, 9], [9, 9], [10, 9]]","[(0, 1), (0, 1), (1, 0), (1, 0), (1, 0)]","[2, 2, 0, 0, 0]",2
83,softmaxBeta2.5_17,3,54.46232220802562,11,3,5,4,10,9,"[0, 0, 0, 0, 0, 1, 1]","[(10, 9), [11, 9], [11, 8], [11, 7], [11, 6], [11, 5], [11, 4], [11, 3]]","[(1, 0), (0, -1), (0, -1), (0, -1), (0, -1), (0, -1), (0, -1)]","[1, 0, 0, 0, 0, 0, 1]",1
84,softmaxBeta2.5_17,-1,54.46232220802562,5,4,8,0,11,3,"[0, 1, 1, 1, 1, 1]","[(11, 3), [10, 3], [9, 3], [8, 3], [8, 2], [8, 1], [8, 0]]","[(-1, 0), (-1, 0), (-1, 0), (0, -1), (0, -1), (0, -1)]","[0, 0, 0, 2, 2, 2]",2
85,softmaxBeta2.5_17,3,39.0938588862295,5,4,0,2,8,0,"[0, 0, 0, 0, 0, 1, 1]","[(8, 0), [7, 0], [7, 1], [7, 2], [6, 2], [6, 3], [5, 3], [5, 4]]","[(-1, 0), (0, 1), (0, 1), (-1, 0), (0, 1), (-1, 0), (0, 1)]","[0, 0, 0, 0, 1, 0, 1]",1
86,softmaxBeta2.5_17,1,66.80140948635182,0,2,1,8,5,4,"[0, 0, 0, 1, 1, 1, 1]","[(5, 4), [5, 3], [5, 2], [4, 2], [3, 2], [2, 2], [1, 2], [0, 2]]","[(0, -1), (0, -1), (-1, 0), (-1, 0), (-1, 0), (-1, 0), (-1, 0)]","[1, 1, 0, 0, 0, 0, 1]",1
87,softmaxBeta2.5_17,-5,125.5376777919744,1,8,1,1,0,2,"[0, 0]","[(0, 2), [0, 1], [1, 1]]","[(0, -1), (1, 0)]","[2, 0]",2
88,softmaxBeta2.5_17,5,45.0,1,8,7,7,1,1,"[0, 0, 0, 1, 1, 1, 1]","[(1, 1), [1, 2], [1, 3], [1, 4], [1, 5], [1, 6], [1, 7], [1, 8]]","[(0, 1), (0, 1), (0, 1), (0, 1), (0, 1), (0, 1), (0, 1)]","[0, 0, 0, 0, 0, 0, 1]",1
89,softmaxBeta2.5_17,0,62.59242456218159,7,7,4,12,1,8,"[0, 0, 0, 0, 1, 1, 1]","[(1, 8), [1, 9], [2, 9], [3, 9], [4, 9], [4, 10], [4, 11], [4, 12]]","[(0, 1), (1, 0), (1, 0), (1, 0), (0, 1), (0, 1), (0, 1)]","[2, 0, 0, 0, 2, 2, 2]",2
90,softmaxBeta2.5_17,-1,67.83365417791754,7,7,1,8,4,12,"[0, 1, 1, 1, 1, 1, 1]","[(4, 12), [3, 12], [2, 12], [1, 12], [1, 11], [1, 10], [1, 9], [1, 8]]","[(-1, 0), (-1, 0), (-1, 0), (0, -1), (0, -1), (0, -1), (0, -1)]","[2, 2, 2, 0, 0, 0, 0]",2
91,softmaxBeta2.5_17,1,54.46232220802562,7,7,5,12,1,8,"[0, 0, 0, 0, 0, 1, 1]","[(1, 8), [1, 7], [2, 7], [3, 7], [4, 7], [5, 7], [6, 7], [7, 7]]","[(0, -1), (1, 0), (1, 0), (1, 0), (1, 0), (1, 0), (1, 0)]","[1, 0, 0, 0, 0, 1, 1]",1
92,softmaxBeta2.5_17,-5,113.19859051364818,5,12,6,6,7,7,"[0, 1]","[(7, 7), [6, 7], [6, 6]]","[(-1, 0), (0, -1)]","[0, 2]",2
93,softmaxBeta2.5_17,5,54.46232220802562,5,12,12,12,6,6,"[0, 0, 0, 0, 1, 1, 1]","[(6, 6), [6, 7], [5, 7], [5, 8], [5, 9], [5, 10], [5, 11], [5, 12]]","[(0, 1), (-1, 0), (0, 1), (0, 1), (0, 1), (0, 1), (0, 1)]","[0, 1, 0, 0, 0, 0, 0]",1
94,softmaxBeta2.5_17,-3,45.0,12,12,7,10,5,12,"[0, 1, 1, 1]","[(5, 12), [5, 11], [6, 11], [6, 10], [7, 10]]","[(0, -1), (1, 0), (0, -1), (1, 0)]","[2, 0, 2, 0]",2
95,softmaxBeta2.5_17,-1,66.80140948635182,12,12,10,7,7,10,"[0, 0, 0, 1, 1, 1]","[(7, 10), [8, 10], [8, 9], [8, 8], [9, 8], [9, 7], [10, 7]]","[(1, 0), (0, -1), (0, -1), (1, 0), (0, -1), (1, 0)]","[0, 2, 2, 0, 2, 0]",2
96,softmaxBeta2.5_17,-5,113.19859051364818,12,12,11,6,10,7,"[0, 0]","[(10, 7), [11, 7], [11, 6]]","[(1, 0), (0, -1)]","[0, 2]",2
97,softmaxBeta2.5_17,5,54.46232220802562,12,12,5,12,11,6,"[0, 0, 0, 1, 1, 1, 1]","[(11, 6), [12, 6], [12, 7], [12, 8], [12, 9], [12, 10], [12, 11], [12, 12]]","[(1, 0), (0, 1), (0, 1), (0, 1), (0, 1), (0, 1), (0, 1)]","[1, 0, 0, 0, 0, 0, 0]",1
98,softmaxBeta2.5_17,3,45.00000000000001,5,12,7,7,12,12,"[0, 0, 0, 0, 1, 1, 1]","[(12, 12), [11, 12], [10, 12], [9, 12], [8, 12], [7, 12], [6, 12], [5, 12]]","[(-1, 0), (-1, 0), (-1, 0), (-1, 0), (-1, 0), (-1, 0), (-1, 0)]","[0, 0, 0, 0, 0, 1, 1]",1
99,softmaxBeta2.5_17,1,66.80140948635182,7,7,1,8,5,12,"[0, 0, 1, 1, 1, 1, 1]","[(5, 12), [6, 12], [6, 11], [7, 11], [7, 10], [7, 9], [7, 8], [7, 7]]","[(1, 0), (0, -1), (1, 0), (0, -1), (0, -1), (0, -1), (0, -1)]","[1, 0, 1, 0, 0, 0, 1]",1
100,softmaxBeta2.5_17,-3,62.10272896905237,1,8,6,10,7,7,"[1, 1, 1, 1]","[(7, 7), [6, 7], [6, 8], [6, 9], [6, 10]]","[(-1, 0), (0, 1), (0, 1), (0, 1)]","[0, 0, 2, 2]",2
101,softmaxBeta2.5_17,0,74.93151184050778,1,8,3,14,6,10,"[0, 0, 0, 0, 0, 1, 1]","[(6, 10), [5, 10], [4, 10], [4, 11], [4, 12], [3, 12], [3, 13], [3, 14]]","[(-1, 0), (-1, 0), (0, 1), (0, 1), (-1, 0), (0, 1), (0, 1)]","[0, 0, 2, 2, 0, 2, 2]",2
102,softmaxBeta2.5_17,0,63.43494882292201,1,8,7,10,3,14,"[0, 1, 1, 1, 1, 1, 1, 2]","[(3, 14), [2, 14], [1, 14], [1, 13], [1, 12], [1, 11], [1, 10], [1, 9], [1, 8]]","[(-1, 0), (-1, 0), (0, -1), (0, -1), (0, -1), (0, -1), (0, -1), (0, -1)]","[1, 1, 0, 0, 0, 0, 1, 1]",1
103,softmaxBeta2.5_17,3,58.240519915187214,7,10,7,3,1,8,"[0, 1, 1, 1, 1, 1, 1, 2]","[(1, 8), [2, 8], [2, 9], [2, 10], [3, 10], [4, 10], [5, 10], [6, 10], [7, 10]]","[(1, 0), (0, 1), (0, 1), (1, 0), (1, 0), (1, 0), (1, 0), (1, 0)]","[0, 1, 1, 0, 0, 0, 0, 0]",1
104,softmaxBeta2.5_17,3,45.00000000000001,7,3,12,5,7,10,"[0, 1, 1, 1, 1, 1, 1]","[(7, 10), [7, 9], [7, 8], [7, 7], [7, 6], [7, 5], [7, 4], [7, 3]]","[(0, -1), (0, -1), (0, -1), (0, -1), (0, -1), (0, -1), (0, -1)]","[0, 0, 0, 0, 0, 1, 1]",1
105,softmaxBeta2.5_17,-1,66.80140948635182,12,5,10,0,7,3,"[0, 0, 0, 0, 0, 1]","[(7, 3), [8, 3], [8, 2], [9, 2], [10, 2], [10, 1], [10, 0]]","[(1, 0), (0, -1), (1, 0), (1, 0), (0, -1), (0, -1)]","[0, 2, 0, 0, 2, 2]",2
106,softmaxBeta2.5_17,-3,68.19859051364818,12,5,14,0,10,0,"[1, 1, 1, 1]","[(10, 0), [11, 0], [12, 0], [13, 0], [14, 0]]","[(1, 0), (1, 0), (1, 0), (1, 0)]","[0, 0, 2, 2]",2
107,softmaxBeta2.5_17,1,49.76364169072618,12,5,8,2,14,0,"[0, 0, 0, 0, 1, 1, 1]","[(14, 0), [13, 0], [12, 0], [12, 1], [12, 2], [12, 3], [12, 4], [12, 5]]","[(-1, 0), (-1, 0), (0, 1), (0, 1), (0, 1), (0, 1), (0, 1)]","[0, 0, 0, 0, 1, 1, 1]",1
108,softmaxBeta2.5_17,-5,98.13010235415598,8,2,13,4,12,5,"[0, 0]","[(12, 5), [13, 5], [13, 4]]","[(1, 0), (0, -1)]","[2, 0]",2
109,softmaxBeta2.5_17,5,16.606980578617005,8,2,2,3,13,4,"[0, 0, 0, 0, 1, 1, 1]","[(13, 4), [12, 4], [11, 4], [11, 3], [11, 2], [10, 2], [9, 2], [8, 2]]","[(-1, 0), (-1, 0), (0, -1), (0, -1), (-1, 0), (-1, 0), (-1, 0)]","[0, 0, 0, 1, 0, 0, 0]",1
110,softmaxBeta2.5_17,0,58.736268305622566,2,3,6,7,8,2,"[0, 1, 1, 1, 1, 1, 2]","[(8, 2), [8, 3], [7, 3], [7, 4], [6, 4], [6, 5], [6, 6], [6, 7]]","[(0, 1), (-1, 0), (0, 1), (-1, 0), (0, 1), (0, 1), (0, 1)]","[0, 0, 2, 0, 2, 2, 2]",2
111,softmaxBeta2.5_17,-1,81.86989764584403,2,3,9,3,6,7,"[0, 0, 1, 1, 1, 1, 1]","[(6, 7), [6, 6], [7, 6], [8, 6], [8, 5], [9, 5], [9, 4], [9, 3]]","[(0, -1), (1, 0), (1, 0), (0, -1), (1, 0), (0, -1), (0, -1)]","[0, 2, 2, 0, 2, 0, 0]",2
112,softmaxBeta2.5_17,1,45.0,2,3,5,7,9,3,"[0, 0, 0, 0, 1, 1, 1]","[(9, 3), [8, 3], [7, 3], [6, 3], [5, 3], [4, 3], [3, 3], [2, 3]]","[(-1, 0), (-1, 0), (-1, 0), (-1, 0), (-1, 0), (-1, 0), (-1, 0)]","[0, 0, 0, 0, 1, 1, 1]",1
113,softmaxBeta2.5_17,-5,98.13010235415598,5,7,3,2,2,3,"[0, 1]","[(2, 3), [2, 2], [3, 2]]","[(0, -1), (1, 0)]","[2, 0]",2
114,softmaxBeta2.5_17,5,41.63353933657021,5,7,11,6,3,2,"[0, 0, 0, 1, 1, 1, 1]","[(3, 2), [3, 3], [4, 3], [5, 3], [5, 4], [5, 5], [5, 6], [5, 7]]","[(0, 1), (1, 0), (1, 0), (0, 1), (0, 1), (0, 1), (0, 1)]","[0, 0, 0, 0, 0, 0, 1]",1
115,softmaxBeta2.5_17,-3,62.10272896905237,11,6,6,4,5,7,"[0, 1, 1, 1]","[(5, 7), [6, 7], [6, 6], [6, 5], [6, 4]]","[(1, 0), (0, -1), (0, -1), (0, -1)]","[0, 0, 2, 2]",2
116,softmaxBeta2.5_17,-1,66.80140948635182,11,6,9,1,6,4,"[0, 1, 1, 1, 1, 1]","[(6, 4), [7, 4], [8, 4], [9, 4], [9, 3], [9, 2], [9, 1]]","[(1, 0), (1, 0), (1, 0), (0, -1), (0, -1), (0, -1)]","[0, 0, 0, 2, 2, 2]",2
117,softmaxBeta2.5_17,-5,113.19859051364818,11,6,10,0,9,1,"[0, 0]","[(9, 1), [10, 1], [10, 0]]","[(1, 0), (0, -1)]","[0, 2]",2
118,softmaxBeta2.5_17,5,54.46232220802562,11,6,4,6,10,0,"[0, 0, 0, 0, 1, 1, 1]","[(10, 0), [11, 0], [11, 1], [11, 2], [11, 3], [11, 4], [11, 5], [11, 6]]","[(1, 0), (0, 1), (0, 1), (0, 1), (0, 1), (0, 1), (0, 1)]","[1, 0, 0, 0, 0, 0, 0]",1
119,softmaxBeta2.5_17,3,45.00000000000001,4,6,6,1,11,6,"[0, 0, 0, 0, 1, 1, 1]","[(11, 6), [10, 6], [9, 6], [8, 6], [7, 6], [6, 6], [5, 6], [4, 6]]","[(-1, 0), (-1, 0), (-1, 0), (-1, 0), (-1, 0), (-1, 0), (-1, 0)]","[0, 0, 0, 0, 0, 1, 1]",1
120,softmaxBeta2.5_17,1,66.80140948635182,6,1,0,2,4,6,"[0, 1, 1, 1, 1, 1, 1]","[(4, 6), [4, 5], [4, 4], [4, 3], [4, 2], [5, 2], [6, 2], [6, 1]]","[(0, -1), (0, -1), (0, -1), (0, -1), (1, 0), (1, 0), (0, -1)]","[0, 0, 0, 0, 1, 1, 1]",1
121,softmaxBeta2.5_17,-3,62.10272896905237,0,2,5,4,6,1,"[0, 0, 0, 1]","[(6, 1), [6, 2], [5, 2], [5, 3], [5, 4]]","[(0, 1), (-1, 0), (0, 1), (0, 1)]","[0, 0, 2, 2]",2
122,softmaxBeta2.5_17,0,74.93151184050778,0,2,2,8,5,4,"[0, 0, 0, 1, 1, 1, 1]","[(5, 4), [5, 5], [5, 6], [5, 7], [5, 8], [4, 8], [3, 8], [2, 8]]","[(0, 1), (0, 1), (0, 1), (0, 1), (-1, 0), (-1, 0), (-1, 0)]","[2, 2, 2, 2, 0, 0, 0]",2
123,softmaxBeta2.5_17,0,63.43494882292201,0,2,6,4,2,8,"[0, 0, 1, 1, 1, 1, 1, 1]","[(2, 8), [2, 7], [2, 6], [1, 6], [1, 5], [1, 4], [1, 3], [1, 2], [0, 2]]","[(0, -1), (0, -1), (-1, 0), (0, -1), (0, -1), (0, -1), (0, -1), (-1, 0)]","[0, 0, 1, 0, 0, 1, 1, 1]",1
124,softmaxBeta2.5_17,3,41.820169880135765,6,4,4,9,0,2,"[0, 0, 0, 0, 0, 1, 1, 1]","[(0, 2), [0, 3], [0, 4], [1, 4], [2, 4], [3, 4], [4, 4], [5, 4], [6, 4]]","[(0, 1), (0, 1), (1, 0), (1, 0), (1, 0), (1, 0), (1, 0), (1, 0)]","[0, 0, 0, 0, 0, 0, 1, 1]",1
125,softmaxBeta2.5_17,3,66.80140948635182,4,9,11,9,6,4,"[0, 0, 0, 0, 1, 1, 1]","[(6, 4), [6, 5], [6, 6], [6, 7], [5, 7], [5, 8], [4, 8], [4, 9]]","[(0, 1), (0, 1), (0, 1), (-1, 0), (0, 1), (-1, 0), (0, 1)]","[0, 0, 0, 1, 0, 1, 0]",1
126,softmaxBeta2.5_17,-1,45.0,11,9,7,12,4,9,"[0, 0, 0, 1, 1, 1]","[(4, 9), [4, 10], [5, 10], [5, 11], [6, 11], [7, 11], [7, 12]]","[(0, 1), (1, 0), (0, 1), (1, 0), (1, 0), (0, 1)]","[2, 0, 2, 0, 0, 2]",2
127,softmaxBeta2.5_17,-3,98.13010235415598,11,9,5,10,7,12,"[0, 1, 1, 1]","[(7, 12), [7, 11], [6, 11], [5, 11], [5, 10]]","[(0, -1), (-1, 0), (-1, 0), (0, -1)]","[0, 2, 2, 0]",2
128,softmaxBeta2.5_17,1,54.46232220802562,11,9,9,14,5,10,"[0, 1, 1, 1, 1, 1, 2]","[(5, 10), [6, 10], [6, 9], [7, 9], [8, 9], [9, 9], [10, 9], [11, 9]]","[(1, 0), (0, -1), (1, 0), (1, 0), (1, 0), (1, 0), (1, 0)]","[0, 1, 0, 0, 0, 1, 1]",1
129,softmaxBeta2.5_17,-5,113.19859051364818,9,14,10,8,11,9,"[0, 0]","[(11, 9), [10, 9], [10, 8]]","[(-1, 0), (0, -1)]","[0, 2]",2
130,softmaxBeta2.5_17,5,45.0,9,14,3,13,10,8,"[0, 0, 0, 0, 1, 1, 1]","[(10, 8), [10, 9], [9, 9], [9, 10], [9, 11], [9, 12], [9, 13], [9, 14]]","[(0, 1), (-1, 0), (0, 1), (0, 1), (0, 1), (0, 1), (0, 1)]","[0, 0, 0, 0, 0, 0, 1]",1
131,softmaxBeta2.5_17,0,58.736268305622566,3,13,7,9,9,14,"[0, 0, 0, 1, 1, 1, 1]","[(9, 14), [9, 13], [9, 12], [9, 11], [9, 10], [8, 10], [8, 9], [7, 9]]","[(0, -1), (0, -1), (0, -1), (0, -1), (-1, 0), (0, -1), (-1, 0)]","[0, 2, 2, 2, 0, 2, 0]",2
132,softmaxBeta2.5_17,-1,81.86989764584403,3,13,3,6,7,9,"[0, 0, 1, 1, 1, 1, 1]","[(7, 9), [6, 9], [6, 8], [5, 8], [5, 7], [5, 6], [4, 6], [3, 6]]","[(-1, 0), (0, -1), (-1, 0), (0, -1), (0, -1), (-1, 0), (-1, 0)]","[0, 2, 0, 2, 2, 0, 0]",2
133,softmaxBeta2.5_17,1,45.0,3,13,7,10,3,6,"[0, 0, 1, 1, 1, 1, 1]","[(3, 6), [3, 7], [3, 8], [3, 9], [3, 10], [3, 11], [3, 12], [3, 13]]","[(0, 1), (0, 1), (0, 1), (0, 1), (0, 1), (0, 1), (0, 1)]","[0, 0, 0, 0, 1, 1, 1]",1
134,softmaxBeta2.5_17,-5,98.13010235415598,7,10,2,12,3,13,"[0, 0]","[(3, 13), [2, 13], [2, 12]]","[(-1, 0), (0, -1)]","[2, 0]",2
135,softmaxBeta2.5_17,5,41.63353933657021,7,10,6,4,2,12,"[1, 1, 1, 1, 1, 2, 2]","[(2, 12), [3, 12], [3, 11], [4, 11], [4, 10], [5, 10], [6, 10], [7, 10]]","[(1, 0), (0, -1), (1, 0), (0, -1), (1, 0), (1, 0), (1, 0)]","[0, 0, 0, 0, 0, 0, 1]",1
136,softmaxBeta2.5_17,-3,62.10272896905237,6,4,4,9,7,10,"[1, 1, 1, 1]","[(7, 10), [6, 10], [6, 9], [5, 9], [4, 9]]","[(-1, 0), (0, -1), (-1, 0), (-1, 0)]","[0, 0, 2, 2]",2
137,softmaxBeta2.5_17,-1,66.80140948635182,6,4,1,6,4,9,"[0, 0, 0, 0, 1, 1]","[(4, 9), [3, 9], [3, 8], [3, 7], [3, 6], [2, 6], [1, 6]]","[(-1, 0), (0, -1), (0, -1), (0, -1), (-1, 0), (-1, 0)]","[2, 0, 0, 0, 2, 2]",2
138,softmaxBeta2.5_17,-5,113.19859051364818,6,4,0,5,1,6,"[0, 1]","[(1, 6), [0, 6], [0, 5]]","[(-1, 0), (0, -1)]","[2, 0]",2
139,softmaxBeta2.5_17,5,54.46232220802562,6,4,6,11,0,5,"[0, 0, 1, 1, 1, 1, 1]","[(0, 5), [1, 5], [1, 4], [2, 4], [3, 4], [4, 4], [5, 4], [6, 4]]","[(1, 0), (0, -1), (1, 0), (1, 0), (1, 0), (1, 0), (1, 0)]","[0, 1, 0, 0, 0, 0, 0]",1
140,softmaxBeta2.5_17,3,45.00000000000001,6,11,11,9,6,4,"[0, 0, 1, 1, 1, 1, 1]","[(6, 4), [6, 5], [6, 6], [6, 7], [6, 8], [6, 9], [6, 10], [6, 11]]","[(0, 1), (0, 1), (0, 1), (0, 1), (0, 1), (0, 1), (0, 1)]","[0, 0, 0, 0, 0, 1, 1]",1
141,softmaxBeta2.5_17,1,49.76364169072618,11,9,8,5,6,11,"[0, 1, 1, 1, 1, 1, 1]","[(6, 11), [7, 11], [7, 10], [7, 9], [8, 9], [9, 9], [10, 9], [11, 9]]","[(1, 0), (0, -1), (0, -1), (1, 0), (1, 0), (1, 0), (1, 0)]","[0, 0, 0, 0, 1, 1, 1]",1
142,softmaxBeta2.5_17,-3,98.13010235415598,8,5,9,11,11,9,"[0, 1, 1, 1]","[(11, 9), [11, 10], [10, 10], [10, 11], [9, 11]]","[(0, 1), (-1, 0), (0, 1), (-1, 0)]","[2, 0, 2, 0]",2
143,softmaxBeta2.5_17,0,62.59242456218159,8,5,13,8,9,11,"[0, 0, 0, 0, 1, 1, 1]","[(9, 11), [8, 11], [8, 10], [8, 9], [8, 8], [8, 7], [8, 6], [8, 5]]","[(-1, 0), (0, -1), (0, -1), (0, -1), (0, -1), (0, -1), (0, -1)]","[1, 0, 0, 0, 1, 1, 1]",1
144,softmaxBeta2.5_17,0,75.96375653207353,13,8,12,1,8,5,"[0, 0, 0, 1, 1, 1, 1, 1]","[(8, 5), [9, 5], [9, 4], [9, 3], [9, 2], [9, 1], [10, 1], [11, 1], [12, 1]]","[(1, 0), (0, -1), (0, -1), (0, -1), (0, -1), (1, 0), (1, 0), (1, 0)]","[0, 2, 2, 2, 2, 0, 0, 0]",2
145,softmaxBeta2.5_17,3,47.93567344642118,13,8,7,7,12,1,"[1, 1, 1, 1, 1, 1, 2, 2]","[(12, 1), [12, 2], [12, 3], [12, 4], [13, 4], [13, 5], [13, 6], [13, 7], [13, 8]]","[(0, 1), (0, 1), (0, 1), (1, 0), (0, 1), (0, 1), (0, 1), (0, 1)]","[0, 0, 0, 1, 0, 0, 0, 1]",1
146,softmaxBeta2.5_17,3,54.46232220802562,7,7,8,13,13,8,"[0, 0, 0, 0, 1, 1, 1]","[(13, 8), [12, 8], [12, 7], [11, 7], [10, 7], [9, 7], [8, 7], [7, 7]]","[(-1, 0), (0, -1), (-1, 0), (-1, 0), (-1, 0), (-1, 0), (-1, 0)]","[0, 1, 0, 0, 0, 0, 1]",1
147,softmaxBeta2.5_17,-1,54.46232220802562,8,13,4,10,7,7,"[0, 0, 0, 1, 1, 1]","[(7, 7), [7, 8], [7, 9], [7, 10], [6, 10], [5, 10], [4, 10]]","[(0, 1), (0, 1), (0, 1), (-1, 0), (-1, 0), (-1, 0)]","[0, 0, 0, 2, 2, 2]",2
148,softmaxBeta2.5_17,-3,98.13010235415598,8,13,2,12,4,10,"[0, 0, 0, 0]","[(4, 10), [4, 11], [4, 12], [3, 12], [2, 12]]","[(0, 1), (0, 1), (-1, 0), (-1, 0)]","[0, 0, 2, 2]",2
149,softmaxBeta2.5_17,1,54.46232220802562,8,13,6,8,2,12,"[0, 0, 1, 1, 1, 1, 1]","[(2, 12), [3, 12], [4, 12], [5, 12], [6, 12], [6, 13], [7, 13], [8, 13]]","[(1, 0), (1, 0), (1, 0), (1, 0), (0, 1), (1, 0), (1, 0)]","[0, 0, 0, 0, 1, 1, 1]",1
150,softmaxBeta2.5_17,-5,113.19859051364818,6,8,7,14,8,13,"[0, 1]","[(8, 13), [7, 13], [7, 14]]","[(-1, 0), (0, 1)]","[0, 2]",2
151,softmaxBeta2.5_17,5,54.46232220802562,6,8,13,8,7,14,"[1, 1, 1, 1, 1, 1, 2]","[(7, 14), [6, 14], [6, 13], [6, 12], [6, 11], [6, 10], [6, 9], [6, 8]]","[(-1, 0), (0, -1), (0, -1), (0, -1), (0, -1), (0, -1), (0, -1)]","[1, 0, 0, 0, 0, 0, 0]",1
152,softmaxBeta2.5_17,0,53.13010235415599,13,8,9,12,6,8,"[0, 1, 1, 1, 1, 1, 1]","[(6, 8), [7, 8], [7, 9], [8, 9], [9, 9], [9, 10], [9, 11], [9, 12]]","[(1, 0), (0, 1), (1, 0), (1, 0), (0, 1), (0, 1), (0, 1)]","[0, 2, 0, 0, 2, 2, 2]",2
153,softmaxBeta2.5_17,-1,81.86989764584403,13,8,6,8,9,12,"[0, 0, 0, 1, 1, 1, 1]","[(9, 12), [9, 11], [9, 10], [9, 9], [9, 8], [8, 8], [7, 8], [6, 8]]","[(0, -1), (0, -1), (0, -1), (0, -1), (-1, 0), (-1, 0), (-1, 0)]","[0, 0, 0, 0, 2, 2, 2]",2
154,softmaxBeta2.5_17,1,45.0,13,8,10,12,6,8,"[0, 0, 1, 1, 1, 1, 1]","[(6, 8), [7, 8], [8, 8], [9, 8], [10, 8], [11, 8], [12, 8], [13, 8]]","[(1, 0), (1, 0), (1, 0), (1, 0), (1, 0), (1, 0), (1, 0)]","[0, 0, 0, 0, 1, 1, 1]",1
155,softmaxBeta2.5_17,-5,98.13010235415598,10,12,12,7,13,8,"[0, 0]","[(13, 8), [12, 8], [12, 7]]","[(-1, 0), (0, -1)]","[0, 2]",2
156,softmaxBeta2.5_17,5,41.63353933657021,10,12,4,11,12,7,"[1, 1, 1, 1, 1, 1, 2]","[(12, 7), [11, 7], [11, 8], [10, 8], [10, 9], [10, 10], [10, 11], [10, 12]]","[(-1, 0), (0, 1), (-1, 0), (0, 1), (0, 1), (0, 1), (0, 1)]","[0, 0, 0, 0, 0, 0, 1]",1
157,softmaxBeta2.5_17,-3,62.10272896905237,4,11,9,9,10,12,"[0, 0, 1, 1]","[(10, 12), [9, 12], [9, 11], [9, 10], [9, 9]]","[(-1, 0), (0, -1), (0, -1), (0, -1)]","[0, 0, 2, 2]",2
158,softmaxBeta2.5_17,-1,66.80140948635182,4,11,6,6,9,9,"[0, 0, 0, 0, 1, 1]","[(9, 9), [9, 8], [8, 8], [7, 8], [7, 7], [7, 6], [6, 6]]","[(0, -1), (-1, 0), (-1, 0), (0, -1), (0, -1), (-1, 0)]","[2, 0, 0, 2, 2, 0]",2
159,softmaxBeta2.5_17,-5,113.19859051364818,4,11,5,5,6,6,"[0, 1]","[(6, 6), [6, 5], [5, 5]]","[(0, -1), (-1, 0)]","[2, 0]",2
160,softmaxBeta2.5_17,5,54.46232220802562,4,11,11,11,5,5,"[0, 0, 0, 0, 1, 1, 1]","[(5, 5), [5, 6], [4, 6], [4, 7], [4, 8], [4, 9], [4, 10], [4, 11]]","[(0, 1), (-1, 0), (0, 1), (0, 1), (0, 1), (0, 1), (0, 1)]","[0, 1, 0, 0, 0, 0, 0]",1
161,softmaxBeta2.5_17,3,45.00000000000001,11,11,9,6,4,11,"[0, 0, 0, 0, 0, 1, 1]","[(4, 11), [5, 11], [6, 11], [7, 11], [8, 11], [9, 11], [10, 11], [11, 11]]","[(1, 0), (1, 0), (1, 0), (1, 0), (1, 0), (1, 0), (1, 0)]","[0, 0, 0, 0, 0, 1, 1]",1
162,softmaxBeta2.5_17,1,49.76364169072618,9,6,5,9,11,11,"[0, 0, 0, 1, 1, 1, 1]","[(11, 11), [11, 10], [10, 10], [9, 10], [9, 9], [9, 8], [9, 7], [9, 6]]","[(0, -1), (-1, 0), (-1, 0), (0, -1), (0, -1), (0, -1), (0, -1)]","[0, 0, 0, 0, 1, 1, 1]",1
163,softmaxBeta2.5_17,-3,98.13010235415598,5,9,11,8,9,6,"[0, 0, 0, 0]","[(9, 6), [9, 7], [10, 7], [11, 7], [11, 8]]","[(0, 1), (1, 0), (1, 0), (0, 1)]","[0, 2, 2, 0]",2
164,softmaxBeta2.5_17,0,62.59242456218159,5,9,8,4,11,8,"[0, 0, 1, 1, 1, 1, 1]","[(11, 8), [11, 7], [10, 7], [9, 7], [8, 7], [8, 6], [8, 5], [8, 4]]","[(0, -1), (-1, 0), (-1, 0), (-1, 0), (0, -1), (0, -1), (0, -1)]","[2, 0, 0, 0, 2, 2, 2]",2
165,softmaxBeta2.5_17,0,75.96375653207353,5,9,12,8,8,4,"[0, 1, 1, 1, 1, 1, 1, 2]","[(8, 4), [7, 4], [6, 4], [6, 5], [6, 6], [6, 7], [6, 8], [5, 8], [5, 9]]","[(-1, 0), (-1, 0), (0, 1), (0, 1), (0, 1), (0, 1), (-1, 0), (0, 1)]","[1, 1, 0, 0, 0, 0, 1, 1]",1
166,softmaxBeta2.5_17,3,47.93567344642118,12,8,11,14,5,9,"[1, 1, 1, 1, 1, 2, 2, 2]","[(5, 9), [6, 9], [6, 8], [7, 8], [8, 8], [9, 8], [10, 8], [11, 8], [12, 8]]","[(1, 0), (0, -1), (1, 0), (1, 0), (1, 0), (1, 0), (1, 0), (1, 0)]","[0, 1, 0, 0, 0, 0, 0, 1]",1
167,softmaxBeta2.5_17,3,46.84761026599459,11,14,6,12,12,8,"[0, 1, 1, 1, 1, 1, 2]","[(12, 8), [11, 8], [11, 9], [11, 10], [11, 11], [11, 12], [11, 13], [11, 14]]","[(-1, 0), (0, 1), (0, 1), (0, 1), (0, 1), (0, 1), (0, 1)]","[0, 0, 0, 0, 0, 1, 1]",1
168,softmaxBeta2.5_17,-1,56.88865803962797,6,12,10,9,11,14,"[0, 1, 1, 1, 1, 1]","[(11, 14), [11, 13], [10, 13], [10, 12], [10, 11], [10, 10], [10, 9]]","[(0, -1), (-1, 0), (0, -1), (0, -1), (0, -1), (0, -1)]","[0, 0, 0, 2, 2, 2]",2
169,softmaxBeta2.5_17,-3,98.13010235415598,6,12,12,11,10,9,"[0, 0, 0, 1]","[(10, 9), [11, 9], [11, 10], [11, 11], [12, 11]]","[(1, 0), (0, 1), (0, 1), (1, 0)]","[2, 0, 0, 2]",2
170,softmaxBeta2.5_17,1,54.46232220802562,6,12,8,7,12,11,"[0, 0, 0, 0, 1, 1, 1]","[(12, 11), [12, 12], [11, 12], [10, 12], [9, 12], [8, 12], [7, 12], [6, 12]]","[(0, 1), (-1, 0), (-1, 0), (-1, 0), (-1, 0), (-1, 0), (-1, 0)]","[1, 0, 0, 0, 0, 1, 1]",1
171,softmaxBeta2.5_17,-5,113.19859051364818,8,7,7,13,6,12,"[0, 0]","[(6, 12), [7, 12], [7, 13]]","[(1, 0), (0, 1)]","[0, 2]",2
172,softmaxBeta2.5_17,5,54.46232220802562,8,7,1,7,7,13,"[0, 0, 0, 0, 1, 1, 1]","[(7, 13), [8, 13], [8, 12], [8, 11], [8, 10], [8, 9], [8, 8], [8, 7]]","[(1, 0), (0, -1), (0, -1), (0, -1), (0, -1), (0, -1), (0, -1)]","[1, 0, 0, 0, 0, 0, 0]",1
173,softmaxBeta2.5_17,0,53.13010235415599,1,7,5,11,8,7,"[0, 0, 0, 1, 1, 1, 1]","[(8, 7), [7, 7], [7, 8], [7, 9], [6, 9], [5, 9], [5, 10], [5, 11]]","[(-1, 0), (0, 1), (0, 1), (-1, 0), (-1, 0), (0, 1), (0, 1)]","[0, 2, 2, 0, 0, 2, 2]",2
174,softmaxBeta2.5_17,-1,81.86989764584403,1,7,8,7,5,11,"[1, 1, 1, 1, 1, 2, 2]","[(5, 11), [6, 11], [6, 10], [7, 10], [7, 9], [7, 8], [7, 7], [8, 7]]","[(1, 0), (0, -1), (1, 0), (0, -1), (0, -1), (0, -1), (1, 0)]","[2, 0, 2, 0, 0, 0, 2]",2
175,softmaxBeta2.5_17,1,45.0,1,7,4,11,8,7,"[0, 1, 1, 1, 1, 1, 1]","[(8, 7), [7, 7], [6, 7], [5, 7], [4, 7], [3, 7], [2, 7], [1, 7]]","[(-1, 0), (-1, 0), (-1, 0), (-1, 0), (-1, 0), (-1, 0), (-1, 0)]","[0, 0, 0, 0, 1, 1, 1]",1
176,softmaxBeta2.5_17,-5,98.13010235415598,4,11,2,6,1,7,"[0, 0]","[(1, 7), [1, 6], [2, 6]]","[(0, -1), (1, 0)]","[2, 0]",2
177,softmaxBeta2.5_17,5,41.63353933657021,4,11,10,10,2,6,"[1, 1, 1, 1, 1, 2, 2]","[(2, 6), [2, 7], [3, 7], [3, 8], [4, 8], [4, 9], [4, 10], [4, 11]]","[(0, 1), (1, 0), (0, 1), (1, 0), (0, 1), (0, 1), (0, 1)]","[0, 0, 0, 0, 0, 0, 1]",1
178,softmaxBeta2.5_17,-3,62.10272896905237,10,10,5,8,4,11,"[0, 0, 1, 1]","[(4, 11), [4, 10], [5, 10], [5, 9], [5, 8]]","[(0, -1), (1, 0), (0, -1), (0, -1)]","[0, 0, 2, 2]",2
179,softmaxBeta2.5_17,-1,66.80140948635182,10,10,8,5,5,8,"[0, 0, 0, 1, 1, 1]","[(5, 8), [6, 8], [7, 8], [7, 7], [8, 7], [8, 6], [8, 5]]","[(1, 0), (1, 0), (0, -1), (1, 0), (0, -1), (0, -1)]","[0, 0, 2, 0, 2, 2]",2
180,softmaxBeta2.5_17,-5,113.19859051364818,10,10,9,4,8,5,"[0, 0]","[(8, 5), [9, 5], [9, 4]]","[(1, 0), (0, -1)]","[0, 2]",2
181,softmaxBeta2.5_17,5,54.46232220802562,10,10,3,10,9,4,"[0, 0, 1, 1, 1, 1, 1]","[(9, 4), [10, 4], [10, 5], [10, 6], [10, 7], [10, 8], [10, 9], [10, 10]]","[(1, 0), (0, 1), (0, 1), (0, 1), (0, 1), (0, 1), (0, 1)]","[1, 0, 0, 0, 0, 0, 0]",1
182,softmaxBeta2.5_17,3,45.00000000000001,3,10,5,5,10,10,"[1, 1, 1, 1, 1, 1, 2]","[(10, 10), [9, 10], [8, 10], [7, 10], [6, 10], [5, 10], [4, 10], [3, 10]]","[(-1, 0), (-1, 0), (-1, 0), (-1, 0), (-1, 0), (-1, 0), (-1, 0)]","[0, 0, 0, 0, 0, 1, 1]",1
183,softmaxBeta2.5_17,1,49.76364169072618,5,5,9,8,3,10,"[0, 0, 0, 0, 1, 1, 1]","[(3, 10), [4, 10], [4, 9], [5, 9], [5, 8], [5, 7], [5, 6], [5, 5]]","[(1, 0), (0, -1), (1, 0), (0, -1), (0, -1), (0, -1), (0, -1)]","[0, 0, 0, 0, 1, 1, 1]",1
184,softmaxBeta2.5_17,-3,98.13010235415598,9,8,3,7,5,5,"[0, 0, 0, 1]","[(5, 5), [4, 5], [3, 5], [3, 6], [3, 7]]","[(-1, 0), (-1, 0), (0, 1), (0, 1)]","[2, 2, 0, 0]",2
185,softmaxBeta2.5_17,0,62.59242456218159,9,8,6,3,3,7,"[0, 0, 1, 1, 1, 1, 1]","[(3, 7), [3, 8], [4, 8], [5, 8], [6, 8], [7, 8], [8, 8], [9, 8]]","[(0, 1), (1, 0), (1, 0), (1, 0), (1, 0), (1, 0), (1, 0)]","[1, 0, 0, 0, 1, 1, 1]",1
186,softmaxBeta2.5_17,0,75.96375653207353,6,3,13,4,9,8,"[0, 0, 0, 0, 1, 1, 1, 1]","[(9, 8), [9, 7], [9, 6], [9, 5], [9, 4], [9, 3], [8, 3], [7, 3], [6, 3]]","[(0, -1), (0, -1), (0, -1), (0, -1), (0, -1), (-1, 0), (-1, 0), (-1, 0)]","[0, 0, 0, 0, 1, 1, 1, 1]",1
187,softmaxBeta2.5_17,3,42.06432655357884,13,4,11,9,6,3,"[0, 0, 0, 0, 1, 1, 1, 1]","[(6, 3), [7, 3], [8, 3], [9, 3], [9, 4], [10, 4], [11, 4], [12, 4], [13, 4]]","[(1, 0), (1, 0), (1, 0), (0, 1), (1, 0), (1, 0), (1, 0), (1, 0)]","[0, 0, 0, 0, 0, 0, 1, 1]",1
188,softmaxBeta2.5_17,3,45.0,11,9,6,7,13,4,"[0, 0, 1, 1, 1, 1, 1]","[(13, 4), [13, 5], [12, 5], [12, 6], [12, 7], [12, 8], [11, 8], [11, 9]]","[(0, 1), (-1, 0), (0, 1), (0, 1), (0, 1), (-1, 0), (0, 1)]","[0, 0, 0, 0, 1, 0, 1]",1
189,softmaxBeta2.5_17,-1,66.80140948635182,6,7,8,12,11,9,"[1, 1, 1, 1, 1, 2]","[(11, 9), [11, 10], [11, 11], [10, 11], [9, 11], [8, 11], [8, 12]]","[(0, 1), (0, 1), (-1, 0), (-1, 0), (-1, 0), (0, 1)]","[2, 2, 0, 0, 0, 2]",2
190,softmaxBeta2.5_17,-3,113.19859051364818,6,7,6,14,8,12,"[0, 0, 1, 1]","[(8, 12), [8, 13], [8, 14], [7, 14], [6, 14]]","[(0, 1), (0, 1), (-1, 0), (-1, 0)]","[2, 2, 0, 0]",2
191,softmaxBeta2.5_17,1,45.0,6,7,10,10,6,14,"[0, 0, 0, 1, 1, 1, 1]","[(6, 14), [6, 13], [6, 12], [6, 11], [6, 10], [6, 9], [6, 8], [6, 7]]","[(0, -1), (0, -1), (0, -1), (0, -1), (0, -1), (0, -1), (0, -1)]","[0, 0, 0, 0, 1, 1, 1]",1
192,softmaxBeta2.5_17,-5,98.13010235415598,10,10,5,8,6,7,"[0, 0]","[(6, 7), [5, 7], [5, 8]]","[(-1, 0), (0, 1)]","[2, 0]",2
193,softmaxBeta2.5_17,3,66.80140948635182,10,10,10,3,5,8,"[0, 0, 0, 0, 1, 1, 1]","[(5, 8), [5, 9], [6, 9], [6, 10], [7, 10], [8, 10], [9, 10], [10, 10]]","[(0, 1), (1, 0), (0, 1), (1, 0), (1, 0), (1, 0), (1, 0)]","[1, 0, 1, 0, 0, 0, 0]",1
194,softmaxBeta2.5_17,0,53.13010235415599,10,3,14,7,10,10,"[0, 0, 0, 0, 0, 1, 1]","[(10, 10), [10, 9], [10, 8], [10, 7], [10, 6], [10, 5], [10, 4], [10, 3]]","[(0, -1), (0, -1), (0, -1), (0, -1), (0, -1), (0, -1), (0, -1)]","[0, 0, 0, 1, 1, 1, 1]",1
195,softmaxBeta2.5_17,-1,81.86989764584403,14,7,7,7,10,3,"[0, 0, 1, 1, 1, 1, 1]","[(10, 3), [10, 4], [10, 5], [9, 5], [9, 6], [8, 6], [8, 7], [7, 7]]","[(0, 1), (0, 1), (-1, 0), (0, 1), (-1, 0), (0, 1), (-1, 0)]","[0, 0, 2, 0, 2, 0, 2]",2
196,softmaxBeta2.5_17,1,45.0,14,7,11,3,7,7,"[0, 0, 0, 0, 1, 1, 1]","[(7, 7), [8, 7], [9, 7], [10, 7], [11, 7], [12, 7], [13, 7], [14, 7]]","[(1, 0), (1, 0), (1, 0), (1, 0), (1, 0), (1, 0), (1, 0)]","[0, 0, 0, 0, 1, 1, 1]",1
197,softmaxBeta2.5_17,-5,98.13010235415598,11,3,13,8,14,7,"[0, 0]","[(14, 7), [14, 8], [13, 8]]","[(0, 1), (-1, 0)]","[2, 0]",2
198,softmaxBeta2.5_17,5,41.63353933657021,11,3,5,4,13,8,"[0, 0, 0, 1, 1, 1, 1]","[(13, 8), [12, 8], [11, 8], [11, 7], [11, 6], [11, 5], [11, 4], [11, 3]]","[(-1, 0), (-1, 0), (0, -1), (0, -1), (0, -1), (0, -1), (0, -1)]","[0, 0, 0, 0, 0, 0, 1]",1
199,softmaxBeta2.5_17,-3,62.10272896905237,5,4,10,6,11,3,"[0, 0, 0, 0]","[(11, 3), [11, 4], [11, 5], [11, 6], [10, 6]]","[(0, 1), (0, 1), (0, 1), (-1, 0)]","[0, 2, 2, 0]",2
200,softmaxBeta2.5_17,-1,66.80140948635182,5,4,7,9,10,6,"[0, 0, 0, 1, 1, 1]","[(10, 6), [9, 6], [8, 6], [7, 6], [7, 7], [7, 8], [7, 9]]","[(-1, 0), (-1, 0), (-1, 0), (0, 1), (0, 1), (0, 1)]","[0, 0, 0, 2, 2, 2]",2
201,softmaxBeta2.5_17,-5,113.19859051364818,5,4,6,10,7,9,"[0, 1]","[(7, 9), [6, 9], [6, 10]]","[(-1, 0), (0, 1)]","[0, 2]",2
202,softmaxBeta2.5_17,5,54.46232220802562,5,4,12,4,6,10,"[0, 0, 0, 0, 0, 1, 1]","[(6, 10), [5, 10], [5, 9], [5, 8], [5, 7], [5, 6], [5, 5], [5, 4]]","[(-1, 0), (0, -1), (0, -1), (0, -1), (0, -1), (0, -1), (0, -1)]","[1, 0, 0, 0, 0, 0, 0]",1
203,softmaxBeta2.5_17,5,45.0,12,4,11,10,5,4,"[0, 0, 0, 0, 0, 1, 1]","[(5, 4), [6, 4], [7, 4], [8, 4], [9, 4], [10, 4], [11, 4], [12, 4]]","[(1, 0), (1, 0), (1, 0), (1, 0), (1, 0), (1, 0), (1, 0)]","[0, 0, 0, 0, 0, 0, 1]",1
204,softmaxBeta2.5_17,1,49.573921259900864,11,10,7,7,12,4,"[0, 0, 0, 1, 1, 1, 1]","[(12, 4), [11, 4], [11, 5], [11, 6], [11, 7], [11, 8], [11, 9], [11, 10]]","[(-1, 0), (0, 1), (0, 1), (0, 1), (0, 1), (0, 1), (0, 1)]","[0, 0, 0, 0, 1, 1, 1]",1
205,softmaxBeta2.5_17,-3,98.13010235415598,7,7,13,8,11,10,"[0, 0, 0, 0]","[(11, 10), [12, 10], [13, 10], [13, 9], [13, 8]]","[(1, 0), (1, 0), (0, -1), (0, -1)]","[2, 2, 0, 0]",2
206,softmaxBeta2.5_17,0,62.59242456218159,7,7,10,12,13,8,"[0, 0, 0, 1, 1, 1, 1]","[(13, 8), [13, 7], [12, 7], [11, 7], [10, 7], [9, 7], [8, 7], [7, 7]]","[(0, -1), (-1, 0), (-1, 0), (-1, 0), (-1, 0), (-1, 0), (-1, 0)]","[1, 0, 0, 0, 1, 1, 1]",1
207,softmaxBeta2.5_17,0,75.96375653207353,10,12,3,11,7,7,"[0, 0, 0, 0, 0, 1, 1, 1]","[(7, 7), [8, 7], [9, 7], [9, 8], [10, 8], [10, 9], [10, 10], [10, 11], [10, 12]]","[(1, 0), (1, 0), (0, 1), (1, 0), (0, 1), (0, 1), (0, 1), (0, 1)]","[1, 1, 0, 1, 0, 0, 0, 1]",1
208,softmaxBeta2.5_17,3,42.06432655357884,3,11,5,6,10,12,"[0, 1, 1, 1, 1, 1, 2, 2]","[(10, 12), [10, 11], [9, 11], [8, 11], [7, 11], [6, 11], [5, 11], [4, 11], [3, 11]]","[(0, -1), (-1, 0), (-1, 0), (-1, 0), (-1, 0), (-1, 0), (-1, 0), (-1, 0)]","[0, 0, 0, 0, 0, 0, 1, 1]",1
209,softmaxBeta2.5_17,3,45.0,5,6,10,8,3,11,"[0, 0, 0, 0, 1, 1, 1]","[(3, 11), [3, 10], [3, 9], [3, 8], [4, 8], [4, 7], [4, 6], [5, 6]]","[(0, -1), (0, -1), (0, -1), (1, 0), (0, -1), (0, -1), (1, 0)]","[0, 0, 0, 0, 1, 1, 0]",1
210,softmaxBeta2.5_17,-1,66.80140948635182,10,8,8,3,5,6,"[0, 1, 1, 1, 1, 1]","[(5, 6), [5, 5], [5, 4], [5, 3], [6, 3], [7, 3], [8, 3]]","[(0, -1), (0, -1), (0, -1), (1, 0), (1, 0), (1, 0)]","[2, 2, 2, 0, 0, 0]",2
211,softmaxBeta2.5_17,-3,113.19859051364818,10,8,10,1,8,3,"[0, 0, 0, 0]","[(8, 3), [9, 3], [10, 3], [10, 2], [10, 1]]","[(1, 0), (1, 0), (0, -1), (0, -1)]","[0, 0, 2, 2]",2
212,softmaxBeta2.5_17,1,45.0,10,8,14,5,10,1,"[0, 0, 0, 0, 1, 1, 1]","[(10, 1), [10, 2], [10, 3], [10, 4], [10, 5], [10, 6], [10, 7], [10, 8]]","[(0, 1), (0, 1), (0, 1), (0, 1), (0, 1), (0, 1), (0, 1)]","[0, 0, 0, 0, 1, 1, 1]",1
213,softmaxBeta2.5_17,-5,98.13010235415598,14,5,9,7,10,8,"[0, 0]","[(10, 8), [9, 8], [9, 7]]","[(-1, 0), (0, -1)]","[2, 0]",2
214,softmaxBeta2.5_17,1,66.80140948635182,14,5,13,11,9,7,"[0, 0, 0, 1, 1, 1, 1]","[(9, 7), [9, 6], [10, 6], [11, 6], [11, 5], [12, 5], [13, 5], [14, 5]]","[(0, -1), (1, 0), (1, 0), (0, -1), (1, 0), (1, 0), (1, 0)]","[1, 0, 0, 1, 0, 0, 1]",1
215,softmaxBeta2.5_17,0,58.736268305622566,13,11,9,7,14,5,"[0, 0, 0, 0, 0, 1, 1]","[(14, 5), [13, 5], [13, 6], [13, 7], [12, 7], [11, 7], [10, 7], [9, 7]]","[(-1, 0), (0, 1), (0, 1), (-1, 0), (-1, 0), (-1, 0), (-1, 0)]","[0, 0, 0, 2, 2, 2, 2]",2
216,softmaxBeta2.5_17,-1,81.86989764584403,13,11,13,4,9,7,"[1, 1, 1, 1, 1, 1, 2]","[(9, 7), [9, 6], [10, 6], [10, 5], [11, 5], [12, 5], [12, 4], [13, 4]]","[(0, -1), (1, 0), (0, -1), (1, 0), (1, 0), (0, -1), (1, 0)]","[2, 0, 2, 0, 0, 2, 0]",2
217,softmaxBeta2.5_17,5,45.0,13,11,7,10,13,4,"[1, 1, 1, 1, 1, 1, 2]","[(13, 4), [13, 5], [13, 6], [13, 7], [13, 8], [13, 9], [13, 10], [13, 11]]","[(0, 1), (0, 1), (0, 1), (0, 1), (0, 1), (0, 1), (0, 1)]","[0, 0, 0, 0, 0, 0, 1]",1
218,softmaxBeta2.5_17,-5,125.5376777919744,7,10,14,10,13,11,"[1, 1]","[(13, 11), [14, 11], [14, 10]]","[(1, 0), (0, -1)]","[2, 0]",2
219,softmaxBeta2.5_17,5,45.0,7,10,8,4,14,10,"[0, 0, 1, 1, 1, 1, 1]","[(14, 10), [13, 10], [12, 10], [11, 10], [10, 10], [9, 10], [8, 10], [7, 10]]","[(-1, 0), (-1, 0), (-1, 0), (-1, 0), (-1, 0), (-1, 0), (-1, 0)]","[0, 0, 0, 0, 0, 0, 1]",1
220,softmaxBeta2.5_17,-3,62.10272896905237,8,4,10,9,7,10,"[0, 1, 1, 1]","[(7, 10), [8, 10], [9, 10], [9, 9], [10, 9]]","[(1, 0), (1, 0), (0, -1), (1, 0)]","[0, 2, 0, 2]",2
221,softmaxBeta2.5_17,-1,66.80140948635182,8,4,13,6,10,9,"[0, 1, 1, 1, 1, 1]","[(10, 9), [10, 8], [11, 8], [12, 8], [12, 7], [12, 6], [13, 6]]","[(0, -1), (1, 0), (1, 0), (0, -1), (0, -1), (1, 0)]","[0, 2, 2, 0, 0, 2]",2
222,softmaxBeta2.5_17,-5,113.19859051364818,8,4,14,5,13,6,"[1, 1]","[(13, 6), [13, 5], [14, 5]]","[(0, -1), (1, 0)]","[0, 2]",2
223,softmaxBeta2.5_17,5,54.46232220802562,8,4,8,11,14,5,"[0, 0, 0, 1, 1, 1, 1]","[(14, 5), [14, 4], [13, 4], [12, 4], [11, 4], [10, 4], [9, 4], [8, 4]]","[(0, -1), (-1, 0), (-1, 0), (-1, 0), (-1, 0), (-1, 0), (-1, 0)]","[1, 0, 0, 0, 0, 0, 0]",1
224,softmaxBeta2.5_17,3,45.00000000000001,8,11,3,9,8,4,"[0, 0, 0, 0, 1, 1, 1]","[(8, 4), [8, 5], [8, 6], [8, 7], [8, 8], [8, 9], [8, 10], [8, 11]]","[(0, 1), (0, 1), (0, 1), (0, 1), (0, 1), (0, 1), (0, 1)]","[0, 0, 0, 0, 0, 1, 1]",1
225,softmaxBeta2.5_17,1,49.76364169072618,3,9,6,5,8,11,"[0, 0, 0, 0, 1, 1, 1]","[(8, 11), [8, 10], [8, 9], [7, 9], [6, 9], [5, 9], [4, 9], [3, 9]]","[(0, -1), (0, -1), (-1, 0), (-1, 0), (-1, 0), (-1, 0), (-1, 0)]","[0, 0, 0, 0, 1, 1, 1]",1
226,softmaxBeta2.5_17,-3,98.13010235415598,6,5,5,11,3,9,"[0, 0, 1, 1]","[(3, 9), [4, 9], [4, 10], [5, 10], [5, 11]]","[(1, 0), (0, 1), (1, 0), (0, 1)]","[0, 2, 0, 2]",2
227,softmaxBeta2.5_17,0,62.59242456218159,6,5,1,8,5,11,"[0, 0, 0, 0, 1, 1, 1]","[(5, 11), [4, 11], [4, 10], [4, 9], [4, 8], [3, 8], [2, 8], [1, 8]]","[(-1, 0), (0, -1), (0, -1), (0, -1), (-1, 0), (-1, 0), (-1, 0)]","[2, 0, 0, 0, 2, 2, 2]",2
228,softmaxBeta2.5_17,0,75.96375653207353,6,5,5,12,1,8,"[0, 1, 1, 1, 1, 1, 2, 2]","[(1, 8), [2, 8], [2, 9], [3, 9], [3, 10], [4, 10], [5, 10], [5, 11], [5, 12]]","[(1, 0), (0, 1), (1, 0), (0, 1), (1, 0), (1, 0), (0, 1), (0, 1)]","[0, 2, 0, 2, 0, 0, 2, 2]",2
229,softmaxBeta2.5_17,3,47.93567344642118,6,5,0,6,5,12,"[0, 0, 0, 0, 1, 1, 1, 1]","[(5, 12), [6, 12], [6, 11], [6, 10], [6, 9], [6, 8], [6, 7], [6, 6], [6, 5]]","[(1, 0), (0, -1), (0, -1), (0, -1), (0, -1), (0, -1), (0, -1), (0, -1)]","[1, 0, 0, 0, 0, 0, 0, 1]",1
230,softmaxBeta2.5_17,3,54.46232220802562,0,6,1,0,6,5,"[0, 0, 1, 1, 1, 1, 1]","[(6, 5), [6, 6], [5, 6], [4, 6], [3, 6], [2, 6], [1, 6], [0, 6]]","[(0, 1), (-1, 0), (-1, 0), (-1, 0), (-1, 0), (-1, 0), (-1, 0)]","[1, 0, 0, 0, 0, 0, 1]",1
231,softmaxBeta2.5_17,-1,53.9726266148964,1,0,4,4,0,6,"[0, 1, 1, 1, 1, 1]","[(0, 6), [0, 5], [1, 5], [2, 5], [2, 4], [3, 4], [4, 4]]","[(0, -1), (1, 0), (1, 0), (0, -1), (1, 0), (1, 0)]","[0, 0, 2, 0, 2, 2]",2
232,softmaxBeta2.5_17,-3,98.13010235415598,1,0,2,6,4,4,"[0, 0, 0, 0]","[(4, 4), [3, 4], [2, 4], [2, 5], [2, 6]]","[(-1, 0), (-1, 0), (0, 1), (0, 1)]","[0, 0, 2, 2]",2
233,softmaxBeta2.5_17,1,54.46232220802562,1,0,6,2,2,6,"[1, 1, 1, 1, 1, 1, 2]","[(2, 6), [1, 6], [1, 5], [1, 4], [1, 3], [1, 2], [1, 1], [1, 0]]","[(-1, 0), (0, -1), (0, -1), (0, -1), (0, -1), (0, -1), (0, -1)]","[1, 0, 0, 0, 0, 1, 1]",1
234,softmaxBeta2.5_17,-5,113.19859051364818,6,2,0,1,1,0,"[0, 0]","[(1, 0), [0, 0], [0, 1]]","[(-1, 0), (0, 1)]","[2, 0]",2
235,softmaxBeta2.5_17,5,45.0,6,2,5,8,0,1,"[0, 0, 0, 1, 1, 1, 1]","[(0, 1), [0, 2], [1, 2], [2, 2], [3, 2], [4, 2], [5, 2], [6, 2]]","[(0, 1), (1, 0), (1, 0), (1, 0), (1, 0), (1, 0), (1, 0)]","[0, 0, 0, 0, 0, 0, 1]",1
236,softmaxBeta2.5_17,0,62.59242456218159,5,8,10,5,6,2,"[0, 0, 1, 1, 1, 1, 1]","[(6, 2), [6, 3], [6, 4], [5, 4], [5, 5], [5, 6], [5, 7], [5, 8]]","[(0, 1), (0, 1), (-1, 0), (0, 1), (0, 1), (0, 1), (0, 1)]","[0, 0, 1, 0, 1, 1, 1]",1
237,softmaxBeta2.5_17,-1,67.83365417791754,10,5,9,11,5,8,"[0, 0, 0, 0, 0, 1, 1]","[(5, 8), [5, 9], [5, 10], [5, 11], [6, 11], [7, 11], [8, 11], [9, 11]]","[(0, 1), (0, 1), (0, 1), (1, 0), (1, 0), (1, 0), (1, 0)]","[2, 2, 2, 0, 0, 0, 0]",2
238,softmaxBeta2.5_17,1,54.46232220802562,10,5,5,7,9,11,"[0, 1, 1, 1, 1, 1, 1]","[(9, 11), [9, 10], [10, 10], [10, 9], [10, 8], [10, 7], [10, 6], [10, 5]]","[(0, -1), (1, 0), (0, -1), (0, -1), (0, -1), (0, -1), (0, -1)]","[0, 1, 0, 0, 0, 1, 1]",1
239,softmaxBeta2.5_17,-5,113.19859051364818,5,7,11,6,10,5,"[0, 1]","[(10, 5), [10, 6], [11, 6]]","[(0, 1), (1, 0)]","[0, 2]",2
240,softmaxBeta2.5_17,5,54.46232220802562,5,7,5,0,11,6,"[1, 1, 1, 1, 1, 1, 2]","[(11, 6), [11, 7], [10, 7], [9, 7], [8, 7], [7, 7], [6, 7], [5, 7]]","[(0, 1), (-1, 0), (-1, 0), (-1, 0), (-1, 0), (-1, 0), (-1, 0)]","[1, 0, 0, 0, 0, 0, 0]",1
241,softmaxBeta2.5_17,-3,45.0,5,0,7,5,5,7,"[0, 1, 1, 1]","[(5, 7), [6, 7], [6, 6], [6, 5], [7, 5]]","[(1, 0), (0, -1), (0, -1), (1, 0)]","[2, 0, 0, 2]",2
242,softmaxBeta2.5_17,-1,66.80140948635182,5,0,10,2,7,5,"[0, 0, 0, 1, 1, 1]","[(7, 5), [8, 5], [8, 4], [9, 4], [10, 4], [10, 3], [10, 2]]","[(1, 0), (0, -1), (1, 0), (1, 0), (0, -1), (0, -1)]","[2, 0, 2, 2, 0, 0]",2
243,softmaxBeta2.5_17,-5,113.19859051364818,5,0,11,1,10,2,"[0, 0]","[(10, 2), [10, 1], [11, 1]]","[(0, -1), (1, 0)]","[0, 2]",2
244,softmaxBeta2.5_17,5,54.46232220802562,5,0,5,7,11,1,"[0, 0, 0, 1, 1, 1, 1]","[(11, 1), [10, 1], [10, 0], [9, 0], [8, 0], [7, 0], [6, 0], [5, 0]]","[(-1, 0), (0, -1), (-1, 0), (-1, 0), (-1, 0), (-1, 0), (-1, 0)]","[0, 1, 0, 0, 0, 0, 0]",1
245,softmaxBeta2.5_17,3,45.00000000000001,5,7,10,5,5,0,"[0, 1, 1, 1, 1, 1, 2]","[(5, 0), [5, 1], [5, 2], [5, 3], [5, 4], [5, 5], [5, 6], [5, 7]]","[(0, 1), (0, 1), (0, 1), (0, 1), (0, 1), (0, 1), (0, 1)]","[0, 0, 0, 0, 0, 1, 1]",1
246,softmaxBeta2.5_17,1,66.80140948635182,10,5,9,11,5,7,"[0, 0, 0, 0, 1, 1, 1]","[(5, 7), [5, 6], [5, 5], [6, 5], [7, 5], [8, 5], [9, 5], [10, 5]]","[(0, -1), (0, -1), (1, 0), (1, 0), (1, 0), (1, 0), (1, 0)]","[1, 1, 0, 0, 0, 0, 1]",1
247,softmaxBeta2.5_17,-3,62.10272896905237,9,11,7,6,10,5,"[0, 1, 1, 1]","[(10, 5), [10, 6], [9, 6], [8, 6], [7, 6]]","[(0, 1), (-1, 0), (-1, 0), (-1, 0)]","[0, 0, 2, 2]",2
248,softmaxBeta2.5_17,0,74.93151184050778,9,11,3,9,7,6,"[0, 0, 0, 1, 1, 1, 1]","[(7, 6), [8, 6], [9, 6], [9, 7], [9, 8], [9, 9], [9, 10], [9, 11]]","[(1, 0), (1, 0), (0, 1), (0, 1), (0, 1), (0, 1), (0, 1)]","[1, 1, 0, 0, 0, 1, 1]",1
249,softmaxBeta2.5_17,0,53.13010235415599,3,9,7,5,9,11,"[0, 0, 0, 1, 1, 1, 1, 1]","[(9, 11), [9, 10], [8, 10], [8, 9], [8, 8], [8, 7], [8, 6], [8, 5], [7, 5]]","[(0, -1), (-1, 0), (0, -1), (0, -1), (0, -1), (0, -1), (0, -1), (-1, 0)]","[0, 0, 0, 2, 2, 2, 2, 0]",2
250,softmaxBeta2.5_17,3,32.47119229084849,3,9,5,14,7,5,"[0, 0, 0, 0, 1, 1, 1, 1]","[(7, 5), [6, 5], [5, 5], [4, 5], [4, 6], [3, 6], [3, 7], [3, 8], [3, 9]]","[(-1, 0), (-1, 0), (-1, 0), (0, 1), (-1, 0), (0, 1), (0, 1), (0, 1)]","[0, 0, 1, 0, 1, 0, 0, 0]",1
251,softmaxBeta2.5_17,3,45.0,5,14,10,12,3,9,"[0, 0, 0, 0, 1, 1, 1]","[(3, 9), [4, 9], [5, 9], [5, 10], [5, 11], [5, 12], [5, 13], [5, 14]]","[(1, 0), (1, 0), (0, 1), (0, 1), (0, 1), (0, 1), (0, 1)]","[0, 0, 0, 0, 0, 1, 1]",1
252,softmaxBeta2.5_17,-1,56.88865803962797,10,12,6,9,5,14,"[1, 1, 1, 1, 1, 1]","[(5, 14), [5, 13], [6, 13], [6, 12], [6, 11], [6, 10], [6, 9]]","[(0, -1), (1, 0), (0, -1), (0, -1), (0, -1), (0, -1)]","[0, 0, 0, 2, 2, 2]",2
253,softmaxBeta2.5_17,-3,98.13010235415598,10,12,4,11,6,9,"[0, 1, 1, 1]","[(6, 9), [5, 9], [5, 10], [4, 10], [4, 11]]","[(-1, 0), (0, 1), (-1, 0), (0, 1)]","[2, 0, 2, 0]",2
254,softmaxBeta2.5_17,1,54.46232220802562,10,12,8,7,4,11,"[0, 0, 0, 0, 1, 1, 1]","[(4, 11), [5, 11], [5, 12], [6, 12], [7, 12], [8, 12], [9, 12], [10, 12]]","[(1, 0), (0, 1), (1, 0), (1, 0), (1, 0), (1, 0), (1, 0)]","[0, 1, 0, 0, 0, 1, 1]",1
255,softmaxBeta2.5_17,-5,113.19859051364818,8,7,9,13,10,12,"[0, 0]","[(10, 12), [9, 12], [9, 13]]","[(-1, 0), (0, 1)]","[0, 2]",2
256,softmaxBeta2.5_17,5,45.0,8,7,14,6,9,13,"[0, 0, 0, 0, 0, 1, 1]","[(9, 13), [8, 13], [8, 12], [8, 11], [8, 10], [8, 9], [8, 8], [8, 7]]","[(-1, 0), (0, -1), (0, -1), (0, -1), (0, -1), (0, -1), (0, -1)]","[1, 0, 0, 0, 0, 0, 0]",1
257,softmaxBeta2.5_17,0,62.59242456218159,14,6,11,11,8,7,"[0, 0, 0, 1, 1, 1, 1]","[(8, 7), [8, 8], [8, 9], [9, 9], [9, 10], [9, 11], [10, 11], [11, 11]]","[(0, 1), (0, 1), (1, 0), (0, 1), (0, 1), (1, 0), (1, 0)]","[2, 2, 0, 2, 2, 0, 0]",2
258,softmaxBeta2.5_17,-1,67.83365417791754,14,6,8,7,11,11,"[0, 0, 0, 0, 1, 1, 1]","[(11, 11), [11, 10], [11, 9], [10, 9], [10, 8], [10, 7], [9, 7], [8, 7]]","[(0, -1), (0, -1), (-1, 0), (0, -1), (0, -1), (-1, 0), (-1, 0)]","[0, 0, 2, 0, 0, 2, 2]",2
259,softmaxBeta2.5_17,1,54.46232220802562,14,6,12,11,8,7,"[0, 1, 1, 1, 1, 1, 2]","[(8, 7), [9, 7], [10, 7], [10, 6], [11, 6], [12, 6], [13, 6], [14, 6]]","[(1, 0), (1, 0), (0, -1), (1, 0), (1, 0), (1, 0), (1, 0)]","[0, 0, 1, 0, 0, 1, 1]",1
260,softmaxBeta2.5_17,-5,113.19859051364818,12,11,13,5,14,6,"[0, 0]","[(14, 6), [13, 6], [13, 5]]","[(-1, 0), (0, -1)]","[0, 2]",2
261,softmaxBeta2.5_17,5,45.0,12,11,6,10,13,5,"[0, 1, 1, 1, 1, 1, 1]","[(13, 5), [12, 5], [12, 6], [12, 7], [12, 8], [12, 9], [12, 10], [12, 11]]","[(-1, 0), (0, 1), (0, 1), (0, 1), (0, 1), (0, 1), (0, 1)]","[0, 0, 0, 0, 0, 0, 1]",1
262,softmaxBeta2.5_17,-3,62.10272896905237,6,10,11,8,12,11,"[0, 1, 1, 1]","[(12, 11), [12, 10], [12, 9], [12, 8], [11, 8]]","[(0, -1), (0, -1), (0, -1), (-1, 0)]","[0, 2, 2, 0]",2
263,softmaxBeta2.5_17,-1,66.80140948635182,6,10,8,5,11,8,"[0, 0, 0, 1, 1, 1]","[(11, 8), [11, 7], [10, 7], [10, 6], [9, 6], [9, 5], [8, 5]]","[(0, -1), (-1, 0), (0, -1), (-1, 0), (0, -1), (-1, 0)]","[2, 0, 2, 0, 2, 0]",2
264,softmaxBeta2.5_17,-5,113.19859051364818,6,10,7,4,8,5,"[0, 1]","[(8, 5), [8, 4], [7, 4]]","[(0, -1), (-1, 0)]","[2, 0]",2
265,softmaxBeta2.5_17,5,54.46232220802562,6,10,13,10,7,4,"[0, 1, 1, 1, 1, 1, 2]","[(7, 4), [6, 4], [6, 5], [6, 6], [6, 7], [6, 8], [6, 9], [6, 10]]","[(-1, 0), (0, 1), (0, 1), (0, 1), (0, 1), (0, 1), (0, 1)]","[1, 0, 0, 0, 0, 0, 0]",1
266,softmaxBeta2.5_17,3,45.00000000000001,13,10,11,5,6,10,"[0, 0, 0, 0, 1, 1, 1]","[(6, 10), [7, 10], [8, 10], [9, 10], [10, 10], [11, 10], [12, 10], [13, 10]]","[(1, 0), (1, 0), (1, 0), (1, 0), (1, 0), (1, 0), (1, 0)]","[0, 0, 0, 0, 0, 1, 1]",1
267,softmaxBeta2.5_17,1,49.76364169072618,11,5,7,8,13,10,"[0, 1, 1, 1, 1, 1, 1]","[(13, 10), [12, 10], [11, 10], [11, 9], [11, 8], [11, 7], [11, 6], [11, 5]]","[(-1, 0), (-1, 0), (0, -1), (0, -1), (0, -1), (0, -1), (0, -1)]","[0, 0, 0, 0, 1, 1, 1]",1
268,softmaxBeta2.5_17,-3,98.13010235415598,7,8,13,7,11,5,"[1, 1, 1, 1]","[(11, 5), [11, 6], [12, 6], [13, 6], [13, 7]]","[(0, 1), (1, 0), (1, 0), (0, 1)]","[0, 2, 2, 0]",2
269,softmaxBeta2.5_17,0,62.59242456218159,7,8,10,3,13,7,"[0, 0, 0, 0, 1, 1, 1]","[(13, 7), [12, 7], [11, 7], [11, 8], [10, 8], [9, 8], [8, 8], [7, 8]]","[(-1, 0), (-1, 0), (0, 1), (-1, 0), (-1, 0), (-1, 0), (-1, 0)]","[0, 0, 1, 0, 1, 1, 1]",1
270,softmaxBeta2.5_17,0,75.96375653207353,10,3,3,4,7,8,"[0, 0, 1, 1, 1, 1, 1, 2]","[(7, 8), [8, 8], [9, 8], [9, 7], [10, 7], [10, 6], [10, 5], [10, 4], [10, 3]]","[(1, 0), (1, 0), (0, -1), (1, 0), (0, -1), (0, -1), (0, -1), (0, -1)]","[1, 1, 0, 1, 0, 0, 0, 1]",1
271,softmaxBeta2.5_17,3,42.06432655357884,3,4,5,9,10,3,"[0, 0, 0, 0, 0, 1, 1, 1]","[(10, 3), [10, 4], [9, 4], [8, 4], [7, 4], [6, 4], [5, 4], [4, 4], [3, 4]]","[(0, 1), (-1, 0), (-1, 0), (-1, 0), (-1, 0), (-1, 0), (-1, 0), (-1, 0)]","[0, 0, 0, 0, 0, 0, 1, 1]",1
272,softmaxBeta2.5_17,3,45.0,5,9,0,11,3,4,"[0, 1, 1, 1, 1, 1, 1]","[(3, 4), [3, 5], [3, 6], [4, 6], [5, 6], [5, 7], [5, 8], [5, 9]]","[(0, 1), (0, 1), (1, 0), (1, 0), (0, 1), (0, 1), (0, 1)]","[0, 0, 1, 1, 0, 0, 0]",1
273,softmaxBeta2.5_17,-1,66.80140948635182,0,11,2,6,5,9,"[0, 0, 0, 0, 1, 1]","[(5, 9), [5, 8], [5, 7], [4, 7], [3, 7], [2, 7], [2, 6]]","[(0, -1), (0, -1), (-1, 0), (-1, 0), (-1, 0), (0, -1)]","[2, 2, 0, 0, 0, 2]",2
274,softmaxBeta2.5_17,-3,113.19859051364818,0,11,0,4,2,6,"[1, 1, 1, 1]","[(2, 6), [1, 6], [0, 6], [0, 5], [0, 4]]","[(-1, 0), (-1, 0), (0, -1), (0, -1)]","[0, 0, 2, 2]",2
275,softmaxBeta2.5_17,1,45.0,0,11,4,8,0,4,"[0, 0, 1, 1, 1, 1, 1]","[(0, 4), [0, 5], [0, 6], [0, 7], [0, 8], [0, 9], [0, 10], [0, 11]]","[(0, 1), (0, 1), (0, 1), (0, 1), (0, 1), (0, 1), (0, 1)]","[0, 0, 0, 0, 1, 1, 1]",1
276,softmaxBeta2.5_17,-5,81.86989764584403,4,8,1,12,0,11,"[0, 0]","[(0, 11), [0, 12], [1, 12]]","[(0, 1), (1, 0)]","[2, 0]",2
277,softmaxBeta2.5_17,5,34.69515353123398,4,8,10,9,1,12,"[0, 0, 0, 1, 1, 1, 1]","[(1, 12), [1, 11], [2, 11], [2, 10], [3, 10], [3, 9], [4, 9], [4, 8]]","[(0, -1), (1, 0), (0, -1), (1, 0), (0, -1), (1, 0), (0, -1)]","[0, 0, 0, 0, 0, 0, 1]",1
278,softmaxBeta2.5_17,0,62.59242456218159,10,9,7,4,4,8,"[1, 1, 1, 1, 1, 1, 2]","[(4, 8), [5, 8], [5, 9], [6, 9], [7, 9], [8, 9], [9, 9], [10, 9]]","[(1, 0), (0, 1), (1, 0), (1, 0), (1, 0), (1, 0), (1, 0)]","[0, 1, 0, 0, 1, 1, 1]",1
279,softmaxBeta2.5_17,-1,67.83365417791754,7,4,13,5,10,9,"[0, 1, 1, 1, 1, 1, 1]","[(10, 9), [10, 8], [10, 7], [10, 6], [11, 6], [12, 6], [12, 5], [13, 5]]","[(0, -1), (0, -1), (0, -1), (1, 0), (1, 0), (0, -1), (1, 0)]","[0, 0, 0, 2, 2, 0, 2]",2
280,softmaxBeta2.5_17,1,54.46232220802562,7,4,9,9,13,5,"[0, 1, 1, 1, 1, 1, 2]","[(13, 5), [13, 4], [12, 4], [11, 4], [10, 4], [9, 4], [8, 4], [7, 4]]","[(0, -1), (-1, 0), (-1, 0), (-1, 0), (-1, 0), (-1, 0), (-1, 0)]","[1, 0, 0, 0, 0, 1, 1]",1
281,softmaxBeta2.5_17,-5,113.19859051364818,9,9,8,3,7,4,"[0, 0]","[(7, 4), [7, 3], [8, 3]]","[(0, -1), (1, 0)]","[2, 0]",2
282,softmaxBeta2.5_17,5,54.46232220802562,9,9,2,9,8,3,"[0, 1, 1, 1, 1, 1, 1]","[(8, 3), [8, 4], [9, 4], [9, 5], [9, 6], [9, 7], [9, 8], [9, 9]]","[(0, 1), (1, 0), (0, 1), (0, 1), (0, 1), (0, 1), (0, 1)]","[0, 1, 0, 0, 0, 0, 0]",1
283,softmaxBeta2.5_17,-3,45.0,2,9,7,7,9,9,"[0, 0, 0, 0]","[(9, 9), [9, 8], [8, 8], [7, 8], [7, 7]]","[(0, -1), (-1, 0), (-1, 0), (0, -1)]","[2, 0, 0, 2]",2
284,softmaxBeta2.5_17,-1,66.80140948635182,2,9,4,4,7,7,"[0, 0, 0, 1, 1, 1]","[(7, 7), [7, 6], [6, 6], [5, 6], [5, 5], [4, 5], [4, 4]]","[(0, -1), (-1, 0), (-1, 0), (0, -1), (-1, 0), (0, -1)]","[2, 0, 0, 2, 0, 2]",2
285,softmaxBeta2.5_17,-5,113.19859051364818,2,9,3,3,4,4,"[1, 1]","[(4, 4), [4, 3], [3, 3]]","[(0, -1), (-1, 0)]","[2, 0]",2
286,softmaxBeta2.5_17,5,54.46232220802562,2,9,9,9,3,3,"[0, 0, 1, 1, 1, 1, 1]","[(3, 3), [2, 3], [2, 4], [2, 5], [2, 6], [2, 7], [2, 8], [2, 9]]","[(-1, 0), (0, 1), (0, 1), (0, 1), (0, 1), (0, 1), (0, 1)]","[1, 0, 0, 0, 0, 0, 0]",1
287,softmaxBeta2.5_17,3,45.00000000000001,9,9,7,4,2,9,"[1, 1, 1, 1, 1, 1, 2]","[(2, 9), [3, 9], [4, 9], [5, 9], [6, 9], [7, 9], [8, 9], [9, 9]]","[(1, 0), (1, 0), (1, 0), (1, 0), (1, 0), (1, 0), (1, 0)]","[0, 0, 0, 0, 0, 1, 1]",1
288,softmaxBeta2.5_17,1,66.80140948635182,7,4,13,5,9,9,"[1, 1, 1, 1, 1, 1, 2]","[(9, 9), [8, 9], [8, 8], [8, 7], [8, 6], [7, 6], [7, 5], [7, 4]]","[(-1, 0), (0, -1), (0, -1), (0, -1), (-1, 0), (0, -1), (0, -1)]","[1, 0, 0, 0, 1, 0, 1]",1
289,softmaxBeta2.5_17,-3,62.10272896905237,13,5,8,7,7,4,"[0, 0, 0, 0]","[(7, 4), [7, 5], [8, 5], [8, 6], [8, 7]]","[(0, 1), (1, 0), (0, 1), (0, 1)]","[0, 0, 2, 2]",2
290,softmaxBeta2.5_17,0,74.93151184050778,13,5,11,11,8,7,"[0, 0, 0, 0, 0, 1, 1]","[(8, 7), [8, 6], [9, 6], [10, 6], [11, 6], [11, 5], [12, 5], [13, 5]]","[(0, -1), (1, 0), (1, 0), (1, 0), (0, -1), (1, 0), (1, 0)]","[1, 0, 0, 0, 1, 1, 1]",1
291,softmaxBeta2.5_17,0,53.13010235415599,11,11,7,7,13,5,"[1, 1, 1, 1, 1, 2, 2, 2]","[(13, 5), [13, 6], [13, 7], [12, 7], [12, 8], [12, 9], [11, 9], [11, 10], [11, 11]]","[(0, 1), (0, 1), (-1, 0), (0, 1), (0, 1), (-1, 0), (0, 1), (0, 1)]","[0, 0, 0, 1, 1, 0, 1, 1]",1
292,softmaxBeta2.5_17,3,32.47119229084849,7,7,2,9,11,11,"[1, 1, 1, 1, 1, 1, 2, 2]","[(11, 11), [10, 11], [10, 10], [9, 10], [8, 10], [7, 10], [7, 9], [7, 8], [7, 7]]","[(-1, 0), (0, -1), (-1, 0), (-1, 0), (-1, 0), (0, -1), (0, -1), (0, -1)]","[0, 0, 0, 0, 0, 0, 1, 1]",1
293,softmaxBeta2.5_17,3,66.80140948635182,2,9,2,2,7,7,"[1, 1, 1, 1, 1, 2, 2]","[(7, 7), [6, 7], [6, 8], [6, 9], [5, 9], [4, 9], [3, 9], [2, 9]]","[(-1, 0), (0, 1), (0, 1), (-1, 0), (-1, 0), (-1, 0), (-1, 0)]","[0, 1, 1, 0, 0, 0, 0]",1
294,softmaxBeta2.5_17,-1,45.0,2,2,5,6,2,9,"[0, 1, 1, 1, 1, 1]","[(2, 9), [3, 9], [3, 8], [3, 7], [4, 7], [5, 7], [5, 6]]","[(1, 0), (0, -1), (0, -1), (1, 0), (1, 0), (0, -1)]","[2, 0, 0, 2, 2, 0]",2
295,softmaxBeta2.5_17,-3,98.13010235415598,2,2,3,8,5,6,"[1, 1, 1, 1]","[(5, 6), [5, 7], [4, 7], [4, 8], [3, 8]]","[(0, 1), (-1, 0), (0, 1), (-1, 0)]","[2, 0, 2, 0]",2
296,softmaxBeta2.5_17,1,54.46232220802562,2,2,7,4,3,8,"[0, 1, 1, 1, 1, 1, 1]","[(3, 8), [2, 8], [2, 7], [2, 6], [2, 5], [2, 4], [2, 3], [2, 2]]","[(-1, 0), (0, -1), (0, -1), (0, -1), (0, -1), (0, -1), (0, -1)]","[1, 0, 0, 0, 0, 1, 1]",1
297,softmaxBeta2.5_17,-5,113.19859051364818,7,4,1,3,2,2,"[0, 0]","[(2, 2), [1, 2], [1, 3]]","[(-1, 0), (0, 1)]","[2, 0]",2
298,softmaxBeta2.5_17,5,45.0,7,4,6,10,1,3,"[0, 0, 0, 0, 1, 1, 1]","[(1, 3), [2, 3], [2, 4], [3, 4], [4, 4], [5, 4], [6, 4], [7, 4]]","[(1, 0), (0, 1), (1, 0), (1, 0), (1, 0), (1, 0), (1, 0)]","[0, 0, 0, 0, 0, 0, 1]",1
299,softmaxBeta2.5_17,0,62.59242456218159,6,10,11,7,7,4,"[0, 0, 0, 0, 1, 1, 1]","[(7, 4), [7, 5], [8, 5], [9, 5], [10, 5], [11, 5], [11, 6], [11, 7]]","[(0, 1), (1, 0), (1, 0), (1, 0), (1, 0), (0, 1), (0, 1)]","[0, 2, 2, 2, 2, 0, 0]",2
300,softmaxBeta2.5_17,-1,67.83365417791754,6,10,7,4,11,7,"[0, 1, 1, 1, 1, 1, 1]","[(11, 7), [10, 7], [9, 7], [9, 6], [8, 6], [8, 5], [8, 4], [7, 4]]","[(-1, 0), (-1, 0), (0, -1), (-1, 0), (0, -1), (0, -1), (-1, 0)]","[0, 0, 2, 0, 2, 2, 0]",2
301,softmaxBeta2.5_17,1,54.46232220802562,6,10,11,8,7,4,"[0, 1, 1, 1, 1, 1, 1]","[(7, 4), [6, 4], [6, 5], [6, 6], [6, 7], [6, 8], [6, 9], [6, 10]]","[(-1, 0), (0, 1), (0, 1), (0, 1), (0, 1), (0, 1), (0, 1)]","[1, 0, 0, 0, 0, 1, 1]",1
302,softmaxBeta2.5_17,-5,113.19859051364818,11,8,5,9,6,10,"[0, 1]","[(6, 10), [5, 10], [5, 9]]","[(-1, 0), (0, -1)]","[2, 0]",2
303,softmaxBeta2.5_17,5,45.0,11,8,10,2,5,9,"[0, 0, 0, 0, 1, 1, 1]","[(5, 9), [5, 8], [6, 8], [7, 8], [8, 8], [9, 8], [10, 8], [11, 8]]","[(0, -1), (1, 0), (1, 0), (1, 0), (1, 0), (1, 0), (1, 0)]","[0, 0, 0, 0, 0, 0, 1]",1
304,softmaxBeta2.5_17,-3,62.10272896905237,10,2,8,7,11,8,"[1, 1, 1, 1]","[(11, 8), [10, 8], [9, 8], [8, 8], [8, 7]]","[(-1, 0), (-1, 0), (-1, 0), (0, -1)]","[0, 2, 2, 0]",2
305,softmaxBeta2.5_17,-1,66.80140948635182,10,2,5,4,8,7,"[0, 0, 0, 0, 0, 0]","[(8, 7), [8, 6], [7, 6], [7, 5], [6, 5], [6, 4], [5, 4]]","[(0, -1), (-1, 0), (0, -1), (-1, 0), (0, -1), (-1, 0)]","[0, 2, 0, 2, 0, 2]",2
306,softmaxBeta2.5_17,-5,113.19859051364818,10,2,4,3,5,4,"[0, 1]","[(5, 4), [4, 4], [4, 3]]","[(-1, 0), (0, -1)]","[2, 0]",2
307,softmaxBeta2.5_17,5,54.46232220802562,10,2,10,9,4,3,"[0, 0, 0, 0, 0, 1, 1]","[(4, 3), [5, 3], [6, 3], [6, 2], [7, 2], [8, 2], [9, 2], [10, 2]]","[(1, 0), (1, 0), (0, -1), (1, 0), (1, 0), (1, 0), (1, 0)]","[0, 0, 1, 0, 0, 0, 0]",1
308,softmaxBeta2.5_17,3,45.00000000000001,10,9,5,7,10,2,"[0, 0, 0, 1, 1, 1, 1]","[(10, 2), [10, 3], [10, 4], [10, 5], [10, 6], [10, 7], [10, 8], [10, 9]]","[(0, 1), (0, 1), (0, 1), (0, 1), (0, 1), (0, 1), (0, 1)]","[0, 0, 0, 0, 0, 1, 1]",1
309,softmaxBeta2.5_17,1,66.80140948635182,5,7,6,13,10,9,"[1, 1, 1, 1, 1, 1, 2]","[(10, 9), [10, 8], [10, 7], [9, 7], [8, 7], [7, 7], [6, 7], [5, 7]]","[(0, -1), (0, -1), (-1, 0), (-1, 0), (-1, 0), (-1, 0), (-1, 0)]","[1, 1, 0, 0, 0, 0, 1]",1
310,softmaxBeta2.5_17,-3,62.10272896905237,6,13,8,8,5,7,"[0, 0, 1, 1]","[(5, 7), [5, 8], [6, 8], [7, 8], [8, 8]]","[(0, 1), (1, 0), (1, 0), (1, 0)]","[0, 0, 2, 2]",2
311,softmaxBeta2.5_17,0,74.93151184050778,6,13,12,11,8,8,"[0, 0, 0, 0, 0, 1, 1]","[(8, 8), [8, 9], [8, 10], [9, 10], [10, 10], [10, 11], [11, 11], [12, 11]]","[(0, 1), (0, 1), (1, 0), (1, 0), (0, 1), (1, 0), (1, 0)]","[0, 0, 2, 2, 0, 2, 2]",2
312,softmaxBeta2.5_17,0,63.43494882292201,6,13,8,7,12,11,"[0, 0, 0, 0, 0, 1, 1, 1]","[(12, 11), [12, 10], [12, 9], [11, 9], [10, 9], [10, 8], [10, 7], [9, 7], [8, 7]]","[(0, -1), (0, -1), (-1, 0), (-1, 0), (0, -1), (0, -1), (-1, 0), (-1, 0)]","[2, 2, 0, 0, 2, 2, 0, 0]",2
313,softmaxBeta2.5_17,3,58.240519915187214,6,13,13,13,8,7,"[0, 1, 1, 1, 1, 1, 1, 2]","[(8, 7), [7, 7], [7, 8], [6, 8], [6, 9], [6, 10], [6, 11], [6, 12], [6, 13]]","[(-1, 0), (0, 1), (-1, 0), (0, 1), (0, 1), (0, 1), (0, 1), (0, 1)]","[1, 0, 1, 0, 0, 0, 0, 0]",1
314,softmaxBeta2.5_17,3,45.00000000000001,13,13,11,8,6,13,"[0, 1, 1, 1, 1, 1, 1]","[(6, 13), [7, 13], [8, 13], [9, 13], [10, 13], [11, 13], [12, 13], [13, 13]]","[(1, 0), (1, 0), (1, 0), (1, 0), (1, 0), (1, 0), (1, 0)]","[0, 0, 0, 0, 0, 1, 1]",1
